Item,1929,1930,1931,1932,1933,1934,1935,1936,1937,1938,1939,1940,1941,1942,1943,1944,1945,1946,1947,1948,1949,1950,1951,1952,1953,1954,1955,1956,1957,1958,1959,1960,1961,1962,1963,1964,1965,1966,1967,1968,1969,1970,1971,1972,1973,1974,1975,1976,1977,1978,1979,1980,1981,1982,1983,1984,1985,1986,1987,1988,1989,1990,1991,1992,1993,1994,1995,1996,1997,1998,1999,2000,2001,2002,2003,2004,2005,2006,2007,2008,2009,2010,2011,2012,2013,2014,2015,2016,2017,2018,2019,2020,2021,2022,2023,2024
    Gross domestic product,"104,556","92,160","77,391","59,522","57,154","66,800","74,241","84,830","93,003","87,352","93,437","102,899","129,309","165,952","203,084","224,447","228,007","227,535","249,616","274,468","272,475","299,827","346,914","367,341","389,218","390,549","425,478","449,353","474,039","481,229","521,654","542,382","562,209","603,922","637,450","684,460","742,289","813,414","859,959","940,651","1,017,615","1,073,303","1,164,850","1,279,110","1,425,376","1,545,243","1,684,904","1,873,412","2,081,826","2,351,599","2,627,333","2,857,307","3,207,041","3,343,789","3,634,038","4,037,613","4,338,979","4,579,631","4,855,215","5,236,438","5,641,580","5,963,144","6,158,129","6,520,327","6,858,559","7,287,236","7,639,749","8,073,122","8,577,552","9,062,817","9,631,172","10,250,952","10,581,929","10,929,108","11,456,450","12,217,196","13,039,197","13,815,583","14,474,228","14,769,862","14,478,067","15,048,971","15,599,732","16,253,970","16,880,683","17,608,138","18,295,019","18,804,913","19,612,102","20,656,516","21,539,982","21,375,281","23,725,645","26,054,614","27,811,517","29,298,013"
Personal consumption expenditures,"77,382","70,136","60,672","48,714","45,945","51,461","55,932","62,188","66,839","64,272","67,209","71,288","81,072","89,002","99,903","108,648","119,977","144,198","161,852","174,878","178,333","192,044","208,339","219,320","232,740","239,608","258,288","271,128","286,296","295,606","317,130","331,180","341,475","362,557","382,035","410,632","442,973","479,919","506,685","556,852","603,639","646,724","699,937","768,153","849,575","930,161","1,030,547","1,147,666","1,273,975","1,422,252","1,585,420","1,750,667","1,933,951","2,071,256","2,281,605","2,492,340","2,712,830","2,886,278","3,076,279","3,330,012","3,576,758","3,808,994","3,943,449","4,197,559","4,451,984","4,720,965","4,962,590","5,244,596","5,536,790","5,877,248","6,283,758","6,767,179","7,073,801","7,348,941","7,740,749","8,231,960","8,769,066","9,277,236","9,746,594","10,050,083","9,891,218","10,260,256","10,698,857","11,047,363","11,388,233","11,874,450","12,297,438","12,726,849","13,290,626","13,934,442","14,437,543","14,231,353","16,119,682","17,690,013","18,833,150","19,896,009"
  Goods,"43,770","38,164","31,709","24,127","23,756","28,483","31,628","35,969","38,373","36,006","37,921","40,632","47,448","51,026","56,332","60,531","67,624","86,245","99,429","107,420","108,081","116,830","124,748","128,785","134,835","135,766","147,398","152,154","159,602","161,568","172,607","177,015","178,808","188,969","198,154","212,252","229,675","249,619","258,991","284,617","304,678","318,794","342,116","373,815","416,635","451,538","491,334","546,305","600,384","663,567","737,938","799,794","869,368","899,290","973,783","1,063,700","1,137,609","1,195,627","1,256,297","1,337,309","1,423,805","1,491,301","1,497,434","1,563,268","1,642,347","1,746,554","1,815,533","1,917,671","2,006,506","2,108,439","2,287,062","2,453,172","2,525,593","2,598,805","2,722,597","2,902,021","3,082,923","3,239,655","3,367,031","3,363,221","3,180,022","3,317,825","3,518,121","3,637,739","3,742,183","3,886,577","3,955,130","4,033,036","4,212,214","4,414,208","4,532,817","4,708,625","5,499,445","5,938,667","6,115,666","6,261,530"
    Durable goods,"9,829","7,661","5,911","3,959","3,762","4,564","5,493","6,749","7,393","6,123","7,168","8,287","10,268","7,630","7,471","7,743","9,098","17,114","21,833","24,453","26,623","32,445","31,739","31,243","34,616","33,713","40,745","40,169","42,027","39,530","44,888","45,625","44,206","49,465","54,228","59,556","66,390","71,745","73,981","84,828","90,483","89,988","102,446","116,444","130,527","130,177","142,165","168,624","191,963","213,348","226,340","226,391","243,938","253,032","295,031","342,156","380,365","421,439","442,022","475,053","494,330","497,079","477,183","508,081","551,532","607,171","635,738","676,295","715,530","779,293","855,568","912,572","941,515","985,368","1,017,801","1,080,574","1,128,610","1,158,333","1,188,043","1,098,761","1,012,121","1,048,962","1,093,499","1,144,221","1,191,786","1,247,260","1,315,794","1,356,495","1,415,911","1,488,831","1,523,644","1,621,700","1,991,864","2,077,929","2,141,043","2,178,085"
    Nondurable goods,"33,941","30,503","25,798","20,169","19,994","23,919","26,135","29,221","30,980","29,883","30,754","32,345","37,180","43,395","48,861","52,788","58,525","69,131","77,596","82,966","81,457","84,384","93,009","97,542","100,219","102,053","106,653","111,985","117,575","122,038","127,719","131,390","134,602","139,504","143,927","152,696","163,285","177,874","185,009","199,788","214,195","228,806","239,670","257,371","286,108","321,361","349,170","377,680","408,421","450,218","511,598","573,402","625,430","646,258","678,753","721,545","757,244","774,188","814,275","862,256","929,475","994,222","1,020,252","1,055,186","1,090,814","1,139,382","1,179,795","1,241,376","1,290,976","1,329,146","1,431,493","1,540,600","1,584,078","1,613,437","1,704,797","1,821,447","1,954,313","2,081,322","2,178,988","2,264,460","2,167,901","2,268,862","2,424,622","2,493,518","2,550,398","2,639,317","2,639,336","2,676,541","2,796,304","2,925,377","3,009,173","3,086,925","3,507,581","3,860,738","3,974,623","4,083,445"
  Services,"33,613","31,972","28,963","24,587","22,189","22,978","24,305","26,218","28,466","28,266","29,287","30,655","33,624","37,976","43,570","48,117","52,354","57,953","62,423","67,459","70,252","75,215","83,591","90,535","97,905","103,842","110,890","118,973","126,693","134,038","144,523","154,165","162,667","173,588","183,880","198,380","213,298","230,300","247,695","272,236","298,960","327,931","357,821","394,338","432,939","478,623","539,213","601,361","673,591","758,686","847,482","950,874","1,064,583","1,171,966","1,307,821","1,428,640","1,575,221","1,690,651","1,819,982","1,992,703","2,152,953","2,317,693","2,446,015","2,634,291","2,809,637","2,974,411","3,147,057","3,326,925","3,530,285","3,768,809","3,996,696","4,314,008","4,548,208","4,750,136","5,018,152","5,329,939","5,686,143","6,037,580","6,379,563","6,686,862","6,711,196","6,942,432","7,180,736","7,409,624","7,646,050","7,987,873","8,342,308","8,693,813","9,078,411","9,520,234","9,904,726","9,522,728","10,620,237","11,751,346","12,717,484","13,634,480"
Gross private domestic investment,"17,170","11,428","6,549","1,819","2,276","4,296","7,370","9,391","12,967","7,944","10,229","14,579","19,369","11,762","7,405","9,180","12,400","33,128","37,131","50,347","39,099","56,530","62,759","57,274","60,414","58,070","73,754","77,685","76,505","70,947","85,669","86,477","86,584","96,977","103,284","112,150","129,645","144,188","142,700","156,923","173,562","170,049","196,824","228,140","266,925","274,526","257,253","323,224","396,613","478,377","539,657","530,098","631,229","581,034","637,518","820,089","829,650","849,146","892,176","936,963","999,701","993,448","944,344","1,013,006","1,106,826","1,256,484","1,317,489","1,432,055","1,595,600","1,736,671","1,887,059","2,038,408","1,934,842","1,930,417","2,027,056","2,281,253","2,534,720","2,700,954","2,673,011","2,477,613","1,929,664","2,165,473","2,332,562","2,621,754","2,838,327","3,073,981","3,288,481","3,278,305","3,467,664","3,724,770","3,893,734","3,763,386","4,246,545","4,844,333","5,023,712","5,259,320"
  Fixed investment,"15,630","11,651","7,661","4,169","3,680","4,876","6,230","8,230","10,341","8,519","10,021","12,186","15,039","9,856","8,151","10,104","13,877","27,118","37,681","44,689","41,791","50,761","52,848","53,759","58,466","60,007","68,767","73,735","75,728","71,313","81,752","83,245","83,610","90,876","97,663","107,329","120,398","130,552","132,834","147,871","164,389","168,048","188,569","219,034","251,048","260,536","263,509","306,109","374,289","452,586","521,673","536,430","601,420","595,947","643,269","754,684","807,826","842,575","865,027","918,481","972,008","978,903","944,738","996,678","1,086,012","1,192,700","1,286,316","1,401,255","1,524,674","1,672,952","1,826,243","1,983,864","1,973,126","1,910,443","2,012,961","2,217,186","2,477,207","2,631,965","2,639,060","2,506,855","2,080,435","2,111,555","2,286,300","2,550,542","2,732,850","2,989,189","3,148,359","3,239,237","3,434,990","3,668,362","3,820,778","3,793,858","4,219,673","4,663,096","4,970,003","5,205,774"
    Nonresidential,"11,560","9,184","5,762","3,294","2,955","3,833","4,829","6,403","8,180","6,279","6,871","8,543","10,823","7,502","6,583","8,608","12,054","19,163","25,473","28,881","26,950","30,017","34,187","34,901","38,768","38,565","43,364","49,748","53,097","48,491","53,124","56,389","56,599","61,233","64,808","72,229","85,235","97,174","99,207","107,672","120,013","124,638","130,416","146,635","172,726","191,070","196,776","219,346","259,060","314,576","373,832","406,910","472,938","485,099","482,156","564,320","607,750","607,763","615,237","662,280","715,993","739,234","723,584","741,937","799,204","868,853","962,247","1,043,194","1,149,088","1,254,144","1,364,477","1,498,432","1,460,067","1,352,848","1,375,880","1,467,369","1,620,986","1,793,801","1,948,563","1,990,871","1,690,432","1,734,981","1,907,465","2,118,527","2,221,312","2,425,155","2,507,504","2,528,995","2,661,100","2,856,471","2,993,653","2,873,312","3,087,241","3,484,561","3,855,957","4,022,935"
      Structures,"5,491","4,448","2,619","1,392","1,091","1,234","1,433","1,878","2,706","2,124","2,217","2,557","3,250","2,241","1,770","2,369","3,336","7,381","8,137","9,526","9,178","9,957","11,954","12,224","13,570","13,865","15,157","18,180","18,950","17,629","18,149","19,568","19,715","20,778","21,199","23,737","28,321","31,349","31,511","33,557","37,699","40,287","42,679","47,173","54,983","61,237","61,350","65,915","74,578","93,584","117,701","136,170","167,314","177,564","154,344","177,397","194,518","176,527","174,202","182,790","193,716","202,917","183,606","172,572","177,151","186,768","207,270","224,583","250,265","276,004","285,724","321,005","333,510","286,986","286,605","307,653","352,958","425,186","510,302","571,107","455,817","379,784","404,457","479,435","491,463","574,608","584,524","566,206","594,900","636,633","677,866","624,609","627,872","755,106","926,792","934,799"
      Equipment,"5,492","4,180","2,643","1,460","1,436","2,098","2,833","3,881","4,770","3,401","3,883","5,167","6,443","4,065","3,671","5,002","7,285","9,945","15,316","17,280","15,732","17,799","19,874","19,694","21,531","20,812","23,888","26,343","28,561","24,876","28,345","29,679","28,904","32,056","34,367","38,684","45,779","53,023","53,693","58,532","65,163","66,404","69,059","78,885","95,062","104,316","107,615","121,242","148,665","180,634","208,062","216,386","240,852","234,862","246,470","291,874","307,905","317,693","320,919","346,816","372,160","371,891","360,849","381,698","425,141","476,380","528,128","565,309","610,859","660,014","713,626","766,088","711,517","659,640","670,618","721,896","794,894","862,283","893,432","845,381","670,261","777,027","881,274","983,401","1,035,250","1,109,086","1,144,101","1,119,782","1,159,953","1,227,620","1,240,901","1,112,497","1,196,318","1,305,765","1,404,659","1,484,254"
      Intellectual property products,577,556,500,442,428,501,563,644,704,754,771,819,"1,130","1,196","1,142","1,237","1,433","1,837","2,020","2,075","2,040","2,261","2,359","2,983","3,667","3,888","4,318","5,225","5,586","5,986","6,630","7,142","7,979","8,399","9,243","9,808","11,135","12,802","14,003","15,582","17,152","17,947","18,678","20,577","22,681","25,517","27,811","32,189","35,817","40,358","48,068","54,354","64,773","72,674","81,343","95,048","105,327","113,543","120,116","132,674","150,117","164,426","179,129","187,667","196,912","205,705","226,849","253,303","287,964","318,126","365,127","411,339","415,040","406,222","418,656","437,819","473,134","506,332","544,828","574,384","564,354","578,170","621,733","655,691","694,599","741,461","778,879","843,007","906,246","992,217","1,074,887","1,136,206","1,263,051","1,423,690","1,524,507","1,603,882"
    Residential,"4,071","2,467","1,899",875,724,"1,043","1,400","1,826","2,161","2,239","3,151","3,643","4,216","2,353","1,568","1,496","1,823","7,955","12,209","15,808","14,841","20,744","18,661","18,858","19,699","21,442","25,403","23,987","22,631","22,823","28,628","26,856","27,011","29,643","32,855","35,100","35,163","33,378","33,627","40,199","44,375","43,411","58,153","72,399","78,322","69,467","66,733","86,762","115,229","138,010","147,841","129,520","128,482","110,848","161,113","190,364","200,077","234,812","249,790","256,200","256,014","239,669","221,153","254,741","286,808","323,847","324,069","358,061","375,585","418,807","461,766","485,432","513,059","557,594","637,082","749,817","856,221","838,164","690,497","515,984","390,004","376,575","378,836","432,015","511,538","564,034","640,855","710,242","773,891","811,892","827,125","920,546","1,132,432","1,178,535","1,114,045","1,182,839"
  Change in private inventories,"1,539",-223,"-1,112","-2,351","-1,404",-580,"1,141","1,161","2,626",-575,208,"2,393","4,330","1,906",-746,-924,"-1,477","6,011",-551,"5,659","-2,692","5,769","9,911","3,514","1,948","-1,937","4,987","3,950",777,-366,"3,917","3,232","2,974","6,101","5,621","4,821","9,247","13,636","9,866","9,053","9,173","2,001","8,256","9,107","15,878","13,990","-6,256","17,116","22,324","25,791","17,984","-6,331","29,809","-14,914","-5,751","65,405","21,824","6,571","27,149","18,482","27,693","14,546",-394,"16,328","20,814","63,785","31,174","30,799","70,927","63,719","60,816","54,544","-38,284","19,975","14,094","64,068","57,513","68,989","33,950","-29,241","-150,772","53,917","46,262","71,212","105,477","84,792","140,123","39,068","32,674","56,408","72,955","-30,472","26,872","181,237","53,709","53,546"
Net exports of goods and services,383,323,1,43,58,322,-213,-147,78,966,833,"1,471","1,033",-252,"-2,246","-2,024",-766,"7,182","10,807","5,487","5,235",738,"2,513","1,164",-701,404,478,"2,361","4,075",538,397,"4,204","4,913","4,101","4,939","6,914","5,618","3,863","3,555","1,350","1,431","3,948",621,"-3,372","4,111",-815,"15,977","-1,631","-23,094","-25,367","-22,545","-13,056","-12,520","-19,974","-51,642","-102,727","-114,018","-131,869","-144,770","-109,393","-86,741","-77,855","-28,614","-34,738","-65,173","-92,487","-89,761","-96,376","-101,971","-162,711","-259,550","-381,073","-376,747","-439,745","-521,955","-634,141","-739,903","-786,453","-735,933","-740,870","-419,153","-532,309","-579,617","-551,617","-478,453","-508,900","-524,320","-503,272","-543,328","-593,077","-577,290","-618,554","-849,233","-937,889","-786,496","-898,460"
  Exports,"5,939","4,444","2,906","1,975","1,987","2,561","2,769","3,007","4,039","3,811","3,969","4,897","5,482","4,375","4,034","4,880","6,781","14,156","18,740","15,547","14,484","12,350","17,099","16,459","15,313","15,836","17,677","21,284","24,017","20,560","22,725","27,045","27,602","29,066","31,074","35,019","37,146","40,920","43,467","47,906","51,922","59,709","62,963","70,843","95,269","126,650","138,706","149,515","159,349","186,883","230,129","280,772","305,239","283,210","276,996","302,380","303,211","320,998","363,943","444,601","504,289","551,873","594,931","633,053","654,799","720,937","812,810","867,589","953,803","952,979","992,910","1,096,111","1,026,812","997,979","1,035,165","1,176,363","1,301,580","1,470,170","1,659,295","1,835,280","1,582,774","1,857,247","2,115,864","2,217,700","2,287,922","2,378,545","2,270,622","2,235,558","2,388,260","2,538,089","2,539,391","2,163,837","2,568,697","3,036,430","3,073,360","3,215,368"
    Goods,"5,347","3,929","2,494","1,667","1,736","2,238","2,404","2,590","3,451","3,243","3,347","4,124","4,533","3,389","2,920","3,589","5,365","11,764","16,097","13,265","12,213","10,203","14,243","13,449","12,412","12,929","14,424","17,556","19,562","16,414","16,458","20,453","20,947","21,709","23,345","26,767","27,974","31,089","32,547","35,721","38,744","45,037","46,196","52,586","75,771","103,494","112,490","121,484","128,410","149,907","187,266","230,428","245,206","222,550","214,049","231,286","227,489","231,447","265,554","332,054","374,750","403,265","430,135","455,308","467,723","518,371","592,442","628,785","699,887","692,565","711,724","795,054","739,568","706,582","733,875","827,975","919,344","1,043,084","1,159,734","1,291,025","1,057,391","1,272,920","1,468,456","1,529,597","1,563,863","1,616,954","1,496,686","1,447,588","1,546,657","1,669,294","1,644,755","1,421,647","1,747,242","2,070,333","2,024,358","2,057,990"
    Services,592,515,412,308,251,323,365,417,588,568,622,773,949,986,"1,114","1,291","1,416","2,392","2,643","2,282","2,271","2,147","2,856","3,010","2,901","2,907","3,253","3,728","4,455","4,146","6,267","6,592","6,655","7,357","7,729","8,252","9,173","9,831","10,920","12,185","13,178","14,671","16,767","18,257","19,498","23,156","26,216","28,031","30,939","36,976","42,863","50,344","60,033","60,660","62,947","71,094","75,722","89,552","98,389","112,547","129,539","148,608","164,795","177,745","187,076","202,566","220,369","238,805","253,916","260,414","281,187","301,056","287,244","291,397","301,290","348,388","382,236","427,086","499,561","544,255","525,382","584,326","647,408","688,103","724,059","761,591","773,936","787,970","841,603","868,795","894,635","742,190","821,455","966,097","1,049,002","1,157,378"
  Imports,"5,556","4,121","2,905","1,932","1,929","2,239","2,982","3,154","3,961","2,845","3,136","3,426","4,449","4,627","6,280","6,904","7,547","6,974","7,933","10,060","9,249","11,612","14,586","15,295","16,014","15,432","17,199","18,923","19,942","20,022","22,328","22,841","22,688","24,965","26,135","28,104","31,529","37,057","39,912","46,556","50,491","55,760","62,342","74,216","91,159","127,465","122,730","151,146","182,443","212,250","252,674","293,828","317,758","303,184","328,638","405,107","417,229","452,867","508,713","553,993","591,031","629,728","623,544","667,791","719,973","813,424","902,572","963,966","1,055,774","1,115,690","1,252,460","1,477,184","1,403,559","1,437,724","1,557,120","1,810,504","2,041,482","2,256,623","2,395,228","2,576,151","2,001,927","2,389,555","2,695,480","2,769,317","2,766,375","2,887,445","2,794,942","2,738,830","2,931,589","3,131,166","3,116,681","2,782,391","3,417,930","3,974,319","3,859,856","4,113,828"
    Goods,"4,463","3,104","2,120","1,343","1,510","1,763","2,462","2,546","3,181","2,173","2,409","2,698","3,416","2,744","3,442","3,813","3,893","5,067","5,973","7,557","6,874","9,081","11,176","10,838","10,975","10,353","11,527","12,803","13,291","12,951","15,310","15,220","15,053","16,869","17,713","19,392","22,247","26,334","27,761","33,946","36,813","40,855","46,550","56,934","71,843","104,520","99,000","124,632","152,629","177,409","212,787","248,570","267,814","250,542","272,677","336,316","343,295","370,006","414,768","452,125","484,792","508,071","500,720","544,927","592,761","676,812","757,449","807,448","885,654","930,751","1,051,210","1,251,173","1,176,188","1,198,852","1,299,036","1,513,620","1,722,751","1,900,640","2,002,720","2,148,678","1,588,115","1,947,044","2,231,132","2,293,265","2,293,888","2,389,313","2,289,591","2,218,696","2,369,900","2,559,050","2,516,686","2,305,093","2,839,604","3,256,890","3,092,569","3,267,309"
    Services,"1,093","1,017",785,589,419,476,520,608,780,672,727,728,"1,033","1,883","2,838","3,091","3,654","1,907","1,960","2,503","2,375","2,531","3,410","4,457","5,039","5,079","5,672","6,120","6,651","7,071","7,018","7,621","7,635","8,096","8,422","8,713","9,282","10,723","12,151","12,610","13,678","14,905","15,792","17,282","19,316","22,945","23,730","26,514","29,814","34,840","39,887","45,258","49,944","52,642","55,961","68,791","73,934","82,861","93,945","101,869","106,239","121,657","122,824","122,864","127,212","136,612","145,123","156,518","170,120","184,939","201,251","226,011","227,371","238,872","258,084","296,883","318,732","355,983","392,507","427,472","413,812","442,512","464,349","476,052","472,487","498,132","505,351","520,134","561,688","572,116","599,995","477,298","578,326","717,429","767,287","846,519"
Government consumption expenditures and gross investment,"9,622","10,273","10,169","8,946","8,875","10,721","11,151","13,398","13,119","14,170","15,165","15,562","27,836","65,440","98,023","108,643","96,396","43,027","39,827","43,755","49,808","50,515","73,304","89,583","96,765","92,467","92,958","98,180","107,163","114,138","118,458","120,520","129,237","140,287","147,193","154,763","164,053","185,444","207,018","225,526","238,984","252,581","267,468","286,189","304,765","341,370","381,128","404,153","434,331","476,336","524,802","589,598","654,381","711,473","766,557","827,910","910,516","976,076","1,031,530","1,078,855","1,151,862","1,238,556","1,298,951","1,344,500","1,364,922","1,402,274","1,449,431","1,492,848","1,547,133","1,611,609","1,719,905","1,826,438","1,950,034","2,089,495","2,210,600","2,338,123","2,475,313","2,623,846","2,790,556","2,983,035","3,076,338","3,155,551","3,147,929","3,136,471","3,132,576","3,168,607","3,233,420","3,303,031","3,397,141","3,590,381","3,785,995","3,999,096","4,208,652","4,458,157","4,741,151","5,041,143"
  Federal,"1,907","2,017","2,067","2,006","2,458","3,457","3,569","5,777","5,291","5,915","6,237","6,837","19,109","56,699","89,488","100,086","87,222","31,986","25,736","27,041","30,423","29,418","49,947","64,815","70,274","63,255","61,015","63,115","68,453","71,521","73,579","72,875","77,379","85,518","87,875","90,256","93,196","106,575","120,006","127,963","131,193","132,805","134,478","141,646","146,185","158,835","173,729","184,800","200,339","218,922","240,574","274,870","313,980","348,336","382,357","411,805","452,909","481,658","502,785","511,440","534,104","562,377","582,936","588,453","580,169","574,684","576,682","579,159","583,289","585,515","610,722","633,069","670,212","743,097","826,769","892,123","947,787","1,001,189","1,051,025","1,151,960","1,220,785","1,300,157","1,299,763","1,287,010","1,227,384","1,217,072","1,222,777","1,237,353","1,266,054","1,346,295","1,419,500","1,524,564","1,604,398","1,640,500","1,765,700","1,892,402"
    National defense,"1,056","1,090","1,081","1,051",999,944,"1,174","1,401","1,448","1,513","1,667","2,791","15,368","53,491","86,801","97,272","84,786","27,995","21,072","20,887","22,341","22,649","43,689","57,413","61,134","54,448","52,363","54,958","59,941","62,220","60,945","60,901","64,543","69,701","70,002","69,728","70,583","82,471","95,034","101,357","102,067","100,710","97,995","100,714","102,635","109,894","117,976","124,952","134,408","145,181","160,587","183,405","213,372","245,404","272,055","298,764","329,501","352,359","372,385","382,101","391,228","405,007","414,041","406,465","391,646","382,114","377,159","377,261","371,990","368,753","383,254","392,570","413,162","458,932","521,221","569,878","609,437","640,814","679,264","750,336","787,565","827,971","833,978","814,175","764,319","744,053","730,372","729,434","748,294","795,065","849,506","884,863","909,095","929,596","1,003,971","1,082,721"
    Nondefense,851,926,986,955,"1,459","2,512","2,395","4,376","3,843","4,402","4,570","4,046","3,741","3,207","2,687","2,814","2,435","3,991","4,663","6,154","8,082","6,769","6,258","7,402","9,140","8,807","8,653","8,156","8,513","9,301","12,633","11,974","12,836","15,818","17,873","20,528","22,613","24,104","24,972","26,606","29,126","32,095","36,483","40,932","43,550","48,940","55,753","59,848","65,931","73,741","79,987","91,465","100,608","102,932","110,302","113,041","123,408","129,298","130,400","129,339","142,876","157,370","168,896","181,988","188,523","192,570","199,523","201,898","211,299","216,763","227,468","240,499","257,050","284,164","305,548","322,245","338,350","360,375","371,761","401,625","433,220","472,187","465,785","472,835","463,065","473,019","492,405","507,919","517,761","551,230","569,993","639,700","695,303","710,904","761,729","809,681"
  State and local,"7,714","8,256","8,102","6,940","6,417","7,264","7,582","7,622","7,828","8,256","8,929","8,725","8,727","8,742","8,534","8,558","9,174","11,041","14,091","16,714","19,385","21,097","23,356","24,768","26,490","29,212","31,943","35,065","38,710","42,617","44,879","47,645","51,858","54,768","59,318","64,507","70,858","78,869","87,012","97,563","107,791","119,776","132,990","144,544","158,580","182,536","207,399","219,353","233,992","257,414","284,228","314,728","340,401","363,137","384,200","416,106","457,607","494,418","528,745","567,416","617,758","676,179","716,014","756,047","784,753","827,591","872,749","913,688","963,844","1,026,093","1,109,183","1,193,369","1,279,822","1,346,398","1,383,830","1,446,000","1,527,526","1,622,657","1,739,531","1,831,075","1,855,553","1,855,394","1,848,166","1,849,460","1,905,193","1,951,535","2,010,643","2,065,678","2,131,087","2,244,086","2,366,496","2,474,532","2,604,254","2,817,657","2,975,451","3,148,741"
    Gross domestic income,"103,822","92,606","76,653","59,248","56,636","66,428","74,471","83,648","93,048","86,671","92,148","101,834","128,991","166,859","204,909","221,915","224,176","226,303","246,753","274,719","270,731","298,565","343,468","364,737","385,426","387,641","423,348","451,386","474,395","480,584","521,454","543,690","563,124","603,951","638,918","684,510","741,547","808,333","856,600","937,518","1,016,032","1,067,965","1,155,333","1,271,943","1,419,232","1,537,793","1,671,561","1,852,757","2,062,378","2,328,274","2,582,331","2,813,037","3,169,341","3,335,141","3,577,187","3,996,190","4,284,907","4,499,783","4,811,610","5,233,615","5,573,751","5,867,789","6,065,418","6,404,817","6,703,129","7,147,990","7,547,593","8,016,095","8,567,298","9,119,217","9,660,488","10,346,717","10,698,659","11,010,778","11,480,643","12,245,295","13,096,193","14,025,375","14,461,933","14,578,667","14,286,347","14,979,526","15,624,026","16,407,611","16,910,471","17,749,078","18,387,992","18,752,004","19,544,200","20,593,076","21,482,943","21,254,695","23,687,817","26,055,012","27,485,663","29,001,715"
"Compensation of employees, paid","51,407","47,166","40,070","31,338","29,786","34,552","37,666","43,288","48,309","45,411","48,551","52,746","66,181","88,026","112,714","124,372","126,368","122,525","132,292","144,227","144,276","158,191","185,691","201,086","215,252","214,196","230,641","249,357","262,654","264,742","285,910","301,438","310,566","332,297","350,471","376,029","405,410","449,225","481,760","530,739","584,436","623,324","664,974","731,334","812,696","887,737","947,273","1,048,384","1,165,887","1,316,864","1,477,302","1,622,345","1,792,681","1,893,175","2,012,662","2,216,083","2,387,539","2,543,845","2,723,761","2,948,854","3,140,886","3,342,680","3,453,267","3,671,211","3,820,610","4,010,207","4,202,178","4,421,067","4,713,220","5,075,701","5,409,932","5,854,629","6,046,343","6,143,368","6,362,296","6,729,301","7,077,721","7,491,255","7,889,369","8,068,679","7,767,191","7,932,969","8,234,013","8,575,371","8,843,638","9,259,655","9,709,535","9,977,096","10,434,978","10,967,687","11,458,472","11,605,744","12,569,557","13,462,215","14,228,378","15,049,121"
  Wages and salaries,"50,459","46,213","39,156","30,513","29,026","33,733","36,721","41,953","46,138","43,012","45,983","49,857","62,079","82,088","105,802","116,800","117,557","112,045","123,028","135,464","134,675","147,175","171,593","185,634","198,996","197,320","212,221","229,108","240,029","241,389","259,923","273,010","280,663","299,453","314,914","337,842","363,752","400,297","428,979","471,960","518,311","551,537","584,528","638,786","708,775","772,304","814,881","899,782","994,220","1,120,669","1,253,385","1,373,520","1,511,529","1,587,709","1,677,686","1,845,126","1,982,765","2,104,117","2,257,623","2,440,649","2,584,336","2,743,506","2,817,229","2,968,506","3,082,660","3,240,604","3,422,112","3,620,594","3,881,246","4,186,179","4,465,176","4,832,430","4,961,629","5,004,096","5,146,959","5,430,827","5,702,993","6,068,318","6,407,285","6,545,949","6,257,281","6,380,110","6,634,020","6,936,133","7,122,593","7,485,778","7,869,599","8,102,227","8,485,016","8,910,107","9,337,004","9,472,949","10,326,157","11,141,606","11,753,395","12,409,992"
      To persons,.....,.....,.....,.....,.....,.....,.....,.....,.....,.....,.....,.....,.....,.....,.....,.....,.....,.....,.....,"135,440","134,620","147,135","171,484","185,506","198,861","197,130","212,016","228,888","239,810","241,171","259,689","272,696","280,352","299,185","314,673","337,601","363,561","400,116","428,796","471,749","518,096","551,309","584,281","638,503","708,467","771,952","814,481","899,360","993,756","1,120,166","1,252,884","1,372,957","1,510,862","1,586,977","1,676,939","1,844,296","1,981,904","2,101,427","2,255,273","2,438,787","2,582,034","2,740,027","2,813,188","2,963,745","3,077,520","3,234,646","3,415,843","3,614,288","3,874,574","4,179,179","4,453,680","4,820,551","4,949,123","4,991,274","5,133,597","5,416,279","5,686,583","6,051,670","6,391,173","6,528,731","6,243,370","6,366,580","6,620,077","6,921,822","7,107,381","7,469,829","7,852,904","8,084,909","8,468,063","8,892,882","9,318,094","9,458,516","10,307,882","11,115,106","11,724,009","12,379,217"
      To the rest of the world,.....,.....,.....,.....,.....,.....,.....,.....,.....,.....,.....,.....,.....,.....,.....,.....,.....,.....,.....,24,55,40,109,128,135,190,205,220,219,218,234,314,311,268,241,241,191,181,183,211,215,228,247,283,308,352,400,422,464,503,501,563,667,732,747,830,861,"2,690","2,350","1,862","2,302","3,479","4,041","4,761","5,140","5,958","6,269","6,306","6,672","7,000","11,496","11,879","12,507","12,823","13,361","14,547","16,410","16,648","16,113","17,218","13,912","13,530","13,943","14,311","15,212","15,949","16,695","17,317","16,954","17,225","18,910","14,432","18,276","26,500","29,386","30,775"
  Supplements to wages and salaries,948,953,914,825,760,819,945,"1,335","2,171","2,399","2,568","2,889","4,102","5,938","6,912","7,572","8,811","10,480","9,264","8,763","9,601","11,016","14,098","15,452","16,256","16,876","18,420","20,249","22,625","23,353","25,987","28,428","29,903","32,844","35,557","38,187","41,658","48,928","52,781","58,779","66,125","71,787","80,446","92,548","103,921","115,433","132,392","148,602","171,667","196,195","223,917","248,826","281,152","305,465","334,976","370,957","404,774","439,729","466,139","508,205","556,550","599,175","636,038","702,705","737,949","769,603","780,066","800,473","831,974","889,522","944,757","1,022,200","1,084,714","1,139,272","1,215,337","1,298,474","1,374,728","1,422,938","1,482,083","1,522,730","1,509,910","1,552,859","1,599,993","1,639,238","1,721,044","1,773,876","1,839,937","1,874,870","1,949,962","2,057,580","2,121,468","2,132,796","2,243,400","2,320,608","2,474,983","2,639,130"
Taxes on production and imports,"6,824","6,971","6,669","6,570","6,864","7,625","7,990","8,461","8,941","8,932","9,146","9,795","11,054","11,512","12,431","13,711","15,095","16,832","18,106","19,726","20,904","22,950","24,745","27,121","29,101","28,889","31,467","34,237","36,616","37,720","41,052","44,547","46,968","50,382","53,386","57,269","60,709","63,211","67,937","76,407","83,856","91,413","100,493","107,928","117,220","124,902","135,292","146,388","159,664","170,898","180,101","200,330","235,644","240,933","263,281","289,773","308,133","323,373","347,545","374,464","398,867","424,990","457,091","483,375","503,126","545,248","557,903","580,753","611,614","639,473","673,585","708,556","727,690","760,030","805,616","868,098","942,438","997,039","1,036,829","1,049,740","1,026,817","1,063,073","1,103,723","1,136,114","1,185,823","1,237,712","1,273,454","1,309,126","1,363,971","1,457,094","1,533,632","1,521,265","1,700,086","1,834,472","1,861,013","1,954,685"
Less: Subsidies\1\,46,73,145,117,166,467,598,289,347,479,796,748,456,520,583,"1,041","1,144","1,359",398,540,498,843,"1,048",774,514,327,201,742,"1,132","1,368","1,058","1,146","2,014","2,273","2,234","2,729","3,007","3,949","3,811","4,174","4,534","4,777","4,675","6,636","5,230","3,307","4,494","5,125","7,100","8,936","8,531","9,800","11,473","15,017","21,304","21,065","21,360","24,895","30,282","29,501","27,428","26,994","27,488","30,088","36,681","32,523","34,812","35,234","33,810","36,368","45,209","45,840","58,710","41,396","49,057","46,386","60,911","51,467","54,584","52,557","58,347","55,808","60,008","58,037","59,720","58,090","57,192","61,748","59,875","63,320","72,956","698,507","626,071","127,995","102,252","94,239"
Net operating surplus,.....,.....,.....,.....,.....,.....,.....,.....,.....,.....,.....,.....,.....,.....,.....,.....,.....,.....,.....,.....,.....,.....,.....,.....,.....,.....,.....,.....,.....,.....,"130,107","130,950","136,999","149,448","159,276","171,552","190,427","204,536","207,157","221,189","227,377","221,168","245,616","278,308","315,863","321,568","354,978","402,881","454,097","522,253","559,577","571,731","665,260","679,086","759,925","913,003","970,456","972,164","1,040,201","1,155,301","1,223,169","1,238,581","1,250,156","1,320,074","1,412,576","1,569,450","1,699,943","1,874,202","2,036,948","2,130,673","2,223,244","2,318,144","2,383,827","2,490,794","2,642,691","2,872,444","3,165,894","3,464,382","3,337,568","3,153,837","3,179,409","3,648,901","3,871,930","4,178,614","4,259,127","4,490,116","4,539,256","4,519,421","4,656,172","4,919,011","5,086,280","5,203,344","6,173,457","6,578,945","6,927,802","7,295,448"
  Private enterprises,"35,229","28,327","20,545","13,120","12,140","16,289","20,933","23,387","26,380","22,766","25,141","29,465","40,149","52,932","62,317","63,530","60,749","62,614","67,634","79,979","73,765","84,874","96,355","96,699","98,097","98,903","112,552","114,408","117,340","117,036","129,563","130,483","136,661","149,050","158,462","170,686","189,640","204,148","206,879","220,736","227,214","222,202","247,131","279,244","317,821","324,014","359,047","405,267","457,055","524,631","562,276","576,212","669,977","682,503","761,809","913,870","968,585","969,623","1,037,453","1,149,745","1,215,911","1,234,853","1,241,938","1,309,630","1,401,145","1,556,794","1,683,436","1,856,448","2,018,869","2,113,799","2,206,415","2,306,690","2,378,169","2,483,221","2,637,571","2,872,089","3,169,343","3,470,287","3,350,439","3,170,564","3,193,964","3,667,447","3,889,771","4,192,260","4,272,770","4,498,591","4,542,103","4,521,575","4,660,424","4,923,603","5,098,420","5,206,406","6,184,389","6,594,957","6,974,720","7,342,908"
"    Net interest and miscellaneous payments, domestic industries","4,038","4,256","4,298","4,086","3,673","3,807","3,880","3,651","3,589","3,571","3,602","3,327","3,256","3,181","2,898","2,486","2,347","1,800","2,272","2,378","2,657","2,968","3,429","3,868","4,403","5,172","5,745","6,445","7,630","9,043","9,205","10,146","11,734","13,380","14,382","16,480","18,574","21,320","24,340","26,515","33,241","40,236","44,449","48,975","57,951","73,598","85,253","87,058","101,945","116,037","139,387","184,013","233,387","272,993","286,596","331,112","352,289","374,824","378,296","409,716","463,404","471,110","438,039","400,982","389,907","389,644","408,671","415,889","455,479","511,833","518,843","603,736","627,100","550,295","518,771","459,037","574,129","702,095","813,507","851,777","706,240","610,260","574,894","609,967","552,747","586,693","661,192","666,724","720,494","756,397","754,522","751,128","698,044","688,984","647,380","611,088"
    Business current transfer payments (net),511,467,538,579,515,502,506,533,524,410,435,451,527,545,642,812,891,692,715,707,688,824,"1,159","1,199","1,153",916,"1,298","1,651","1,823","1,704","1,656","1,744","1,899","2,119","2,527","3,005","3,485","3,390","3,628","4,182","4,799","4,356","4,158","4,779","5,741","6,787","9,036","9,136","8,081","10,375","12,753","13,998","16,914","19,318","21,681","29,159","34,060","35,961","33,292","32,755","38,266","39,178","38,890","39,720","39,388","40,714","44,967","52,645","50,061","64,078","67,684","85,173","99,226","80,755","76,048","81,963","90,641","79,818","97,247","112,781","125,118","126,327","130,122","95,532","107,299","135,474","153,909","162,512","142,925","155,811","161,396","146,079","193,174","252,829","238,648","286,430"
    Proprietors' income with inventory valuation and capital consumption adjustments,"14,015","10,872","8,315","5,012","5,268","7,007","10,124","10,393","12,521","10,598","11,120","12,234","16,650","23,341","28,225","29,346","30,824","35,671","34,579","39,279","34,690","37,514","42,594","43,040","42,017","42,255","44,272","45,819","47,785","50,158","50,346","50,587","53,199","55,234","56,398","59,132","63,662","67,933","69,475","73,832","77,005","77,803","83,904","95,094","112,521","112,213","118,238","130,974","144,492","165,974","179,438","171,569","179,680","171,191","186,250","228,247","241,051","256,479","286,468","325,524","341,130","353,154","354,162","400,155","427,984","456,644","481,186","543,784","583,958","640,276","696,352","753,559","831,057","870,133","897,509","962,895","979,140","1,050,869","995,398","960,304","938,126","1,108,503","1,228,337","1,299,922","1,351,739","1,369,965","1,347,722","1,349,214","1,428,634","1,495,331","1,555,775","1,599,507","1,818,662","1,868,919","1,941,958","2,023,080"
    Rental income of persons with capital consumption adjustment,"6,065","5,371","4,440","3,599","2,858","2,516","2,564","2,684","2,966","3,480","3,716","3,847","4,415","5,454","6,024","6,337","6,578","6,899","6,889","7,484","7,798","8,779","9,720","10,816","12,028","13,061","13,423","13,668","14,054","14,798","15,559","16,463","17,200","18,046","18,728","18,831","19,336","19,910","20,345","20,096","20,348","20,664","21,828","22,719","23,117","23,181","22,292","20,308","15,867","16,545","16,093","18,978","23,780","23,833","24,435","24,652","26,204","18,268","16,594","22,492","21,524","28,168","38,577","60,573","90,079","113,667","124,882","142,528","147,059","165,206","178,497","183,476","202,403","208,448","227,098","242,781","221,105","181,120","186,259","290,275","347,592","433,671","506,541","534,468","578,687","598,502","601,351","618,723","642,028","671,488","688,432","743,428","776,719","871,106","1,002,484","1,078,149"
"    Corporate profits with inventory valuation and capital consumption adjustments, domestic industries","10,601","7,361","2,955",-156,-173,"2,457","3,859","6,126","6,780","4,707","6,268","9,606","15,302","20,411","24,528","24,549","20,110","17,552","23,178","30,132","27,933","34,790","39,454","37,777","38,496","37,498","47,814","46,825","46,048","41,334","52,796","51,543","52,629","60,271","66,427","73,239","84,583","91,594","89,091","96,111","91,821","79,144","92,792","107,678","118,492","108,236","124,228","157,790","186,670","215,700","214,605","187,655","216,215","195,169","242,847","300,699","314,980","284,091","322,803","359,258","351,587","343,243","372,271","408,200","453,787","556,125","623,730","701,602","782,312","732,405","745,039","680,747","618,384","773,589","918,145","1,125,412","1,304,329","1,456,385","1,258,028","955,428","1,076,888","1,388,685","1,449,878","1,652,370","1,682,298","1,807,956","1,777,928","1,724,401","1,726,343","1,844,577","1,938,296","1,966,263","2,697,790","2,913,118","3,144,250","3,344,161"
      Taxes on corporate income,"1,365",842,498,383,521,744,951,"1,409","1,502","1,029","1,441","2,834","7,610","11,415","14,074","12,949","10,689","9,104","11,193","12,254","10,010","17,728","22,304","19,107","19,944","17,348","21,789","21,591","20,880","18,440","22,816","21,885","22,203","23,296","25,491","26,573","29,768","32,232","30,992","37,164","36,958","31,263","34,808","39,110","45,632","47,235","46,264","59,418","68,504","77,852","80,737","75,484","70,315","51,294","66,419","81,477","81,610","91,871","112,702","124,266","124,422","121,816","117,813","131,914","155,047","172,671","194,449","211,386","224,762","221,805","227,386","233,448","170,148","160,674","213,763","278,512","379,749","430,147","391,782","255,918","203,933","272,267","280,763","334,589","362,418","406,890","396,125","376,034","297,156","297,423","297,195","311,059","468,876","600,568","613,010","680,341"
      Profits after tax with inventory valuation and capital consumption adjustments,"9,236","6,519","2,457",-539,-694,"1,713","2,908","4,717","5,278","3,678","4,827","6,772","7,692","8,996","10,454","11,600","9,421","8,448","11,985","17,878","17,923","17,062","17,150","18,670","18,552","20,150","26,025","25,234","25,168","22,894","29,980","29,658","30,426","36,975","40,936","46,666","54,815","59,362","58,099","58,947","54,863","47,881","57,984","68,568","72,860","61,001","77,964","98,372","118,166","137,848","133,868","112,171","145,900","143,875","176,428","219,222","233,370","192,220","210,101","234,992","227,165","221,427","254,458","276,286","298,740","383,454","429,281","490,216","557,550","510,600","517,653","447,299","448,236","612,915","704,381","846,901","924,580","1,026,238","866,246","699,509","872,955","1,116,418","1,169,115","1,317,781","1,319,880","1,401,066","1,381,803","1,348,367","1,429,187","1,547,154","1,641,101","1,655,204","2,228,914","2,312,550","2,531,240","2,663,820"
        Net dividends,"5,573","5,331","4,070","2,580","2,040","2,507","2,685","4,419","4,538","2,918","3,582","3,782","4,200","4,029","4,208","4,324","4,372","5,149","5,707","6,367","6,599","8,051","7,663","7,753","8,094","8,136","9,151","9,869","10,399","10,356","11,619","12,307","12,193","13,155","14,442","16,573","18,171","19,477","20,237","22,631","23,422","23,865","23,694","25,173","27,448","29,004","31,786","35,925","39,627","46,615","50,978","59,251","68,438","72,098","84,246","89,736","99,909","103,192","103,163","113,617","147,709","168,590","177,803","178,473","201,111","220,391","250,774","283,461","312,727","344,361","333,669","383,651","362,060","379,443","422,953","517,519","318,392","637,938","677,861","660,852","516,582","514,546","633,083","765,393","858,891","898,271","965,924","953,732","1,043,492","418,955","937,773","1,167,415","1,544,530","1,644,556","1,741,153","1,880,004"
        Undistributed corporate profits with inventory valuation and capital consumption adjustments,"3,663","1,188","-1,613","-3,119","-2,734",-794,223,298,740,760,"1,245","2,990","3,492","4,967","6,246","7,276","5,049","3,299","6,278","11,511","11,324","9,011","9,487","10,917","10,458","12,014","16,874","15,365","14,769","12,538","18,361","17,351","18,233","23,820","26,494","30,093","36,644","39,885","37,862","36,316","31,441","24,016","34,290","43,395","45,412","31,997","46,178","62,447","78,539","91,233","82,890","52,920","77,462","71,777","92,182","129,486","133,461","89,028","106,938","121,375","79,456","52,837","76,655","97,813","97,629","163,063","178,507","206,755","244,823","166,239","183,984","63,648","86,176","233,472","281,428","329,382","606,188","388,300","188,385","38,657","356,373","601,872","536,032","552,388","460,989","502,795","415,878","394,636","385,695","1,128,198","703,328","487,789","684,384","667,994","790,086","783,816"
  Current surplus of government enterprises\1\,.....,.....,.....,.....,.....,.....,.....,.....,.....,.....,.....,.....,.....,.....,.....,.....,.....,.....,.....,.....,.....,.....,.....,.....,.....,.....,.....,.....,.....,.....,545,467,338,398,814,866,788,388,278,453,163,"-1,034","-1,515",-936,"-1,958","-2,446","-4,068","-2,385","-2,958","-2,377","-2,699","-4,481","-4,717","-3,417","-1,884",-867,"1,871","2,541","2,748","5,557","7,258","3,728","8,218","10,444","11,431","12,656","16,507","17,754","18,079","16,874","16,829","11,454","5,658","7,573","5,121",355,"-3,449","-5,905","-12,871","-16,728","-14,556","-18,546","-17,842","-13,646","-13,643","-8,475","-2,847","-2,154","-4,253","-4,592","-12,141","-3,062","-10,931","-16,012","-46,918","-47,460"
Consumption of fixed capital,"10,409","10,217","9,514","8,338","8,012","8,430","8,480","8,801","9,767","10,042","10,103","10,577","12,062","14,911","18,031","21,341","23,107","25,690","29,121","31,326","32,284","33,394","37,726","40,606","43,488","45,981","48,893","54,127","58,919","62,454","65,445","67,901","70,604","74,100","78,018","82,390","88,008","95,311","103,557","113,357","124,896","136,839","148,926","161,011","178,686","206,894","238,510","260,226","289,832","327,196","373,882","428,432","487,231","536,963","562,624","598,394","640,137","685,295","730,385","784,496","838,258","888,532","932,393","960,247","1,003,498","1,055,610","1,122,381","1,175,306","1,239,325","1,309,737","1,398,934","1,511,225","1,599,511","1,657,984","1,719,098","1,821,841","1,971,053","2,124,170","2,252,751","2,358,968","2,371,277","2,390,391","2,474,368","2,575,548","2,681,603","2,819,685","2,922,938","3,008,109","3,148,953","3,312,603","3,477,516","3,622,850","3,870,788","4,307,374","4,570,723","4,796,699"
  Private,"9,411","9,221","8,550","7,465","7,042","7,288","7,324","7,509","8,371","8,580","8,590","8,976","9,950","11,246","11,539","12,038","12,507","14,247","17,735","20,820","22,590","24,334","27,746","29,544","31,344","32,958","34,995","38,811","42,259","44,910","46,819","48,209","49,781","51,795","54,158","57,276","61,568","67,172","73,327","80,603","89,433","98,260","107,635","117,493","131,492","153,159","178,790","196,512","221,127","252,115","290,733","334,977","381,932","420,392","438,788","463,516","496,410","531,572","566,309","607,913","649,619","688,396","721,456","742,886","778,210","822,507","880,728","929,111","987,753","1,052,165","1,132,208","1,231,511","1,311,709","1,361,824","1,411,966","1,497,124","1,622,632","1,751,846","1,852,444","1,931,948","1,928,510","1,933,238","1,997,214","2,081,931","2,176,593","2,301,350","2,397,865","2,475,581","2,599,066","2,737,301","2,879,704","3,005,721","3,211,856","3,578,376","3,800,377","3,992,907"
  Government,998,996,964,873,970,"1,142","1,156","1,293","1,396","1,462","1,513","1,601","2,112","3,665","6,492","9,303","10,600","11,444","11,386","10,505","9,694","9,060","9,979","11,062","12,144","13,022","13,897","15,316","16,660","17,544","18,625","19,693","20,823","22,305","23,860","25,114","26,440","28,139","30,230","32,754","35,463","38,579","41,291","43,517","47,194","53,735","59,720","63,714","68,705","75,081","83,149","93,454","105,299","116,571","123,836","134,879","143,727","153,723","164,076","176,583","188,639","200,135","210,937","217,361","225,288","233,102","241,653","246,195","251,572","257,571","266,725","279,713","287,802","296,160","307,133","324,717","348,421","372,324","400,307","427,020","442,767","457,152","477,154","493,618","505,010","518,335","525,074","532,528","549,888","575,302","597,812","617,129","658,932","728,998","770,345","803,792"
Addendum:,,,,,,,,,,,,,,,,,,,,,,,,,,,,,,,,,,,,,,,,,,,,,,,,,,,,,,,,,,,,,,,,,,,,,,,,,,,,,,,,,,,,,,,,,,,,,,,,
  Statistical discrepancy,735,-446,737,273,518,373,-231,"1,182",-45,681,"1,289","1,065",318,-907,"-1,825","2,533","3,832","1,231","2,864",-250,"1,743","1,262","3,447","2,604","3,792","2,909","2,130","-2,033",-357,645,200,"-1,309",-915,-29,"-1,467",-50,743,"5,081","3,358","3,133","1,583","5,338","9,517","7,167","6,144","7,450","13,343","20,655","19,448","23,325","45,003","44,270","37,700","8,648","56,850","41,423","54,072","79,848","43,605","2,823","67,828","95,355","92,712","115,510","155,430","139,247","92,156","57,027","10,255","-56,401","-29,316","-95,765","-116,730","-81,670","-24,194","-28,099","-56,997","-209,792","12,294","191,195","191,720","69,445","-24,295","-153,641","-29,787","-140,940","-92,973","52,909","67,902","63,440","57,039","120,586","37,828",-397,"325,854","296,298"
