Tax year,1975,1976,1977,1978,1979,1980,1981,1982,1983,1984,1985,1986,1987,1988,1989,1990,1991,1992,1993,1994,1995,1996,1997,1998,1999,2000,2001,2002,2003,2004,2005,2006,2007,2008,2009,2010,2011,2012,2013,2014,2015,2016,2017,2018,2019,2020,2021,2022
Number of partnerships,1073094.00,NaN,NaN,1234157.00,NaN,1379654.00,1460502.00,1514212.00,1541539.00,1643581.00,1713603.00,1702952.00,1648032.00,1654245.00,1635164.00,1553529.00,1515345.00,1484752.00,1467567.00,1493963.00,1580900.00,1654256.00,1758627.00,1855348.00,1936919.00,2057500.00,2132117.00,2242169.00,2375375.00,2546877.00,2763625.00,2947116.00,3096334.00,3146006.00,3168728.00,3248481.00,3285177.00,3388561.00,3460699.00,3611255.00,3715187.00,3763117.00,3905335.00,4010200.00,3821470.00,4280690.00,4467584.00,4500186
   Number of partners,NaN,NaN,NaN,6121455.00,NaN,8419899.00,12225123.00,9764667.00,10589338.00,12426721.00,13244824.00,15228530.00,16963258.00,17291178.00,18431918.00,17094966.00,15801047.00,15734691.00,15626848.00,14989505.00,15605686.00,15662298.00,16183715.00,15663372.00,15924404.00,13659967.00,14231604.00,14328108.00,14108458.00,15556553.00,16211908.00,16727803.00,18515694.00,19300250.00,21141979.00,22428047.00,24389807.00,25333616.00,27491241.00,27714478.00,27093015.00,28163819.00,27500929.00,27448391.00,25269018.00,28246795.00,30624451.00,28797574
Partnerships reporting balance sheet data:,NaN,NaN,NaN,NaN,NaN,NaN,NaN,NaN,NaN,NaN,NaN,NaN,NaN,NaN,NaN,NaN,NaN,NaN,NaN,NaN,NaN,NaN,NaN,NaN,NaN,NaN,NaN,NaN,NaN,NaN,NaN,NaN,NaN,NaN,NaN,NaN,NaN,NaN,NaN,NaN,NaN,NaN,NaN,NaN,NaN,NaN,NaN,
   Number of partnerships,NaN,NaN,NaN,NaN,NaN,NaN,NaN,NaN,NaN,NaN,NaN,NaN,NaN,NaN,NaN,NaN,NaN,975330.00,976967.00,987504.00,1053139.00,1129580.00,1211006.00,1303970.00,1392405.00,1504978.00,1591450.00,1682072.00,1768302.00,1890134.00,2195814.00,2195814.00,2342664.00,2372838.00,2378615.00,2413306.00,2474044.00,2540028.00,2551456.00,2743876.00,2771012.00,2842119.00,2961807.00,3021683.00,2910458.00,3220547.00,3413850.00,3431910
   Number of partners,NaN,NaN,NaN,NaN,NaN,NaN,NaN,NaN,NaN,NaN,NaN,NaN,NaN,NaN,NaN,NaN,NaN,13492850.00,13117383.00,12670748.00,13309111.00,13033369.00,13080094.00,12647463.00,11868041.00,10997133.00,11980809.00,11912262.00,11788129.00,12989001.00,14206709.00,14206709.00,15882790.00,16654321.00,18397525.00,19866051.00,21779003.00,22747559.00,24307025.00,23965867.00,23875553.00,25146808.00,24060789.00,24014222.00,21710460.00,24981177.00,27107788.00,25376338
Total assets,NaN,NaN,NaN,353696180.00,NaN,597503923.00,715232726.00,845281449.00,886992767.00,1030848519.00,1269434302.00,1403750213.00,1381296736.00,1580194209.00,1791027273.00,1685223450.00,1816567895.00,1907344453.00,2118268141.00,2295212222.00,2718647742.00,3368165845.00,4171498832.00,5126548007.00,5998952883.00,6694142838.00,8428217379.00,8866560101.00,9675052728.00,11607698140.00,13734256305.00,17146275372.00,20386133966.00,19259803843.00,18798108367.00,19820206570.00,20574459139.00,22014928866.00,24163126120.00,26128933308.00,27366266830.00,28950043266.00,32403619868.00,34348006740.00,36048324019.00,43182900507.00,50832008026.00,52530130780
      Cash,NaN,NaN,NaN,13884746.00,NaN,20372610.00,21039753.00,23347081.00,NaN,NaN,NaN,NaN,NaN,59815618.00,62785635.00,61612527.00,63382784.00,67798312.00,79601201.00,89468559.00,96230699.00,124321426.00,149169560.00,181853173.00,217624508.00,262730114.00,341943005.00,403493682.00,412617128.00,498678562.00,723469011.00,723469011.00,912437146.00,1123130066.00,968070198.00,1020462381.00,1136045788.00,1066981227.00,1166969742.00,1249156699.00,1284945654.00,1329101516.00,1400907077.00,1454101690.00,1399057722.00,1911042623.00,2285086251.00,2254617631
      Notes and accounts recievable,NaN,NaN,NaN,25299171.00,NaN,40360541.00,36362860.00,38254789.00,NaN,NaN,NaN,NaN,NaN,71326331.00,77224078.00,82481044.00,84807814.00,98327332.00,112166670.00,132697118.00,160689273.00,217826767.00,269234797.00,342827502.00,392065104.00,432129579.00,543298800.00,534791029.00,523616923.00,613117125.00,848375657.00,848375657.00,837186359.00,918064190.00,674500280.00,811630309.00,706205640.00,810689885.00,777826685.00,768151318.00,784715852.00,853409501.00,939568764.00,966687944.00,888406567.00,1112957979.00,1219033262.00,1337234157
             Less: Allowance for bad debts,NaN,NaN,NaN,232454.00,NaN,262071.00,354839.00,412656.00,NaN,NaN,NaN,NaN,NaN,1138288.00,1315991.00,1564754.00,1640205.00,2019847.00,2345802.00,2725168.00,3323099.00,3790817.00,5411782.00,6147687.00,7476510.00,9488129.00,11980083.00,12667511.00,11984877.00,12313591.00,17091120.00,17091120.00,17419682.00,22240072.00,22654804.00,29978138.00,19595995.00,27584783.00,19825973.00,21281732.00,25564542.00,28858693.00,42967760.00,28941621.00,31625964.00,38107724.00,42620429.00,41472424
      Inventories,NaN,NaN,NaN,17202990.00,NaN,33218272.00,59649950.00,100728688.00,NaN,NaN,NaN,NaN,NaN,51151852.00,59442619.00,56507062.00,56845071.00,61865690.00,71278725.00,76305276.00,88050194.00,136707577.00,147387132.00,175963423.00,174078288.00,149875359.00,208165141.00,202669386.00,213605408.00,275807149.00,445560371.00,445560371.00,338632126.00,430585792.00,277271147.00,277105259.00,285098559.00,304131610.00,313310248.00,330745639.00,343441047.00,367003652.00,378005853.00,411089286.00,391412768.00,438065984.00,462734368.00,521143032
      U.S. Government obligations,NaN,NaN,NaN,NaN,NaN,NaN,NaN,NaN,NaN,NaN,NaN,NaN,NaN,NaN,NaN,NaN,42603739.00,45380384.00,37638620.00,58152390.00,45119043.00,56441878.00,83417691.00,95751535.00,79242006.00,72847344.00,156329646.00,114419244.00,52257269.00,74315976.00,69840992.00,69840992.00,77865699.00,118037343.00,146948194.00,130252653.00,163157351.00,193755714.00,176195295.00,174879883.00,138258559.00,151887462.00,137978265.00,132135358.00,96606532.00,119581776.00,144473836.00,88426623
      Federal and State Government Obligations,NaN,NaN,NaN,NaN,NaN,NaN,NaN,NaN,NaN,NaN,NaN,NaN,NaN,13667028.00,15746202.00,22245841.00,NaN,NaN,NaN,NaN,NaN,NaN,NaN,NaN,NaN,NaN,NaN,NaN,NaN,NaN,NaN,NaN,NaN,NaN,NaN,NaN,NaN,NaN,NaN,NaN,NaN,NaN,NaN,NaN,NaN,NaN,NaN,
      Tax-exempt securities,NaN,NaN,NaN,NaN,NaN,NaN,NaN,NaN,NaN,NaN,NaN,NaN,NaN,NaN,1976970.00,3704222.00,5228622.00,6501462.00,18721433.00,19627977.00,19983375.00,21061451.00,23306980.00,28122641.00,23148356.00,26282710.00,33497189.00,47407748.00,46846731.00,54270177.00,45092979.00,45092979.00,52863110.00,88748103.00,51105878.00,36599391.00,46928950.00,56401083.00,48250857.00,45364519.00,36788951.00,44752510.00,42341813.00,41510810.00,33657657.00,42715378.00,39480530.00,25848577
Government obligations: ,NaN,NaN,NaN,NaN,NaN,NaN,NaN,42783670.00,NaN,NaN,NaN,NaN,NaN,NaN,NaN,NaN,NaN,NaN,NaN,NaN,NaN,NaN,NaN,NaN,NaN,NaN,NaN,NaN,NaN,NaN,NaN,NaN,NaN,NaN,NaN,NaN,NaN,NaN,NaN,NaN,NaN,NaN,NaN,NaN,NaN,NaN,NaN,
       United States and instrumentalities,NaN,NaN,NaN,5974036.00,NaN,13441208.00,24344000.00,NaN,NaN,NaN,NaN,NaN,NaN,NaN,NaN,NaN,NaN,NaN,NaN,NaN,NaN,NaN,NaN,NaN,NaN,NaN,NaN,NaN,NaN,NaN,NaN,NaN,NaN,NaN,NaN,NaN,NaN,NaN,NaN,NaN,NaN,NaN,NaN,NaN,NaN,NaN,NaN,
       State and local,NaN,NaN,NaN,1174738.00,NaN,1346169.00,2629684.00,NaN,NaN,NaN,NaN,NaN,NaN,NaN,NaN,NaN,NaN,NaN,NaN,NaN,NaN,NaN,NaN,NaN,NaN,NaN,NaN,NaN,NaN,NaN,NaN,NaN,NaN,NaN,NaN,NaN,NaN,NaN,NaN,NaN,NaN,NaN,NaN,NaN,NaN,NaN,NaN,
      Other current assets,NaN,NaN,NaN,14895523.00,NaN,46575129.00,53983710.00,48487294.00,NaN,NaN,NaN,NaN,NaN,96989881.00,118300619.00,117510203.00,138732750.00,150995078.00,196302585.00,209834317.00,258554045.00,333273684.00,423027007.00,698212296.00,825988164.00,835357482.00,1259500510.00,1354308431.00,1540760763.00,2028065591.00,2957652176.00,2957652176.00,3643002319.00,3141466326.00,2551973943.00,2219920404.00,2382402022.00,2207929564.00,2386425428.00,2465278938.00,2511974003.00,2675640972.00,2762361461.00,2855548669.00,2792928244.00,3241704992.00,3653951953.00,3942624036
        Loans to partners,NaN,NaN,NaN,NaN,NaN,NaN,NaN,NaN,NaN,NaN,NaN,NaN,NaN,NaN,NaN,NaN,NaN,NaN,NaN,NaN,NaN,NaN,NaN,NaN,NaN,NaN,NaN,NaN,NaN,NaN,NaN,NaN,NaN,NaN,NaN,NaN,49500324.00,69494272.00,73824730.00,94866511.00,115093324.00,137146937.00,147201470.00,129989963.00,101511168.00,172644759.00,196981777.00,229062307
      Mortgage and real estate loans,NaN,NaN,NaN,11477659.00,NaN,23485156.00,28971531.00,32137656.00,NaN,NaN,NaN,NaN,NaN,61413677.00,50921438.00,45769931.00,39771312.00,38464029.00,37429522.00,38306156.00,37381887.00,40960404.00,42842430.00,51286430.00,47926495.00,60382195.00,71183184.00,77220421.00,105845216.00,107160178.00,165839279.00,165839279.00,127405182.00,109137131.00,81703653.00,100375078.00,95100384.00,89930337.00,84019097.00,89098321.00,97901402.00,110474637.00,115341955.00,132486552.00,125842742.00,169153485.00,200720928.00,171101341
      Other investments,NaN,NaN,NaN,31812337.00,NaN,57155338.00,58274944.00,70120737.00,NaN,NaN,NaN,NaN,NaN,150886693.00,189697253.00,199254854.00,280296126.00,327952162.00,447707676.00,517651306.00,745837258.00,1023058296.00,1373216350.00,1582073494.00,1975875436.00,2275321707.00,2884204213.00,2969340381.00,3477856582.00,4316049463.00,7021223598.00,7021223598.00,8893076708.00,7123372146.00,8073679866.00,9057559534.00,9349721463.00,10517957476.00,11970487462.00,13151034753.00,13723024859.00,14311848711.00,16709376635.00,17907554550.00,19986005955.00,24023890930.00,29531354071.00,29859293129
      Buildings and other depreciable assets,NaN,NaN,NaN,219149769.00,NaN,330110060.00,367270152.00,430664015.00,NaN,NaN,NaN,NaN,NaN,933428499.00,1002296389.00,1032723957.00,1075230258.00,1109597775.00,1140428264.00,1181632157.00,1270121637.00,1376611687.00,1544813491.00,1750871004.00,1960773804.00,2189662764.00,2417039254.00,2659690570.00,2761437158.00,2948381100.00,3572315411.00,3572315411.00,3990833845.00,4526448207.00,4554850898.00,4775573906.00,4983712438.00,5313571562.00,5636702733.00,6060241038.00,6513921201.00,6997287084.00,7617420716.00,7944087250.00,7835528465.00,9127954607.00,9633716865.00,10369875732
            Less: Accumulated depreciation,NaN,NaN,NaN,60422032.00,NaN,90970237.00,102429260.00,119817639.00,NaN,NaN,NaN,NaN,NaN,311608789.00,332532823.00,351314177.00,378894808.00,408664245.00,442306350.00,469116271.00,503343604.00,528200362.00,564601996.00,597648505.00,646522376.00,702480746.00,770561813.00,868178729.00,915922515.00,959912624.00,1082192661.00,1082192661.00,1125912938.00,1272889684.00,1374133763.00,1512533614.00,1647115595.00,1743125198.00,1838216058.00,1967698084.00,2091368210.00,2246756528.00,2432309693.00,2564404399.00,2520327202.00,3040272162.00,3159939538.00,3401216734
      Depletable assets,NaN,NaN,NaN,4411376.00,NaN,7974663.00,10597413.00,15809178.00,NaN,NaN,NaN,NaN,NaN,28360075.00,27240020.00,25695829.00,26133917.00,26374352.00,26729112.00,26489677.00,35550034.00,35246433.00,37825356.00,43249827.00,44518863.00,53546562.00,56809127.00,62847340.00,62810645.00,72815224.00,92843826.00,92843826.00,93201386.00,129980778.00,134565534.00,177052752.00,212232528.00,245925143.00,302697788.00,349536576.00,347222594.00,366102090.00,400021507.00,416207378.00,410434853.00,396221241.00,353478982.00,390860457
            Less: Accumulated depletion,NaN,NaN,NaN,815906.00,NaN,1107296.00,1403223.00,2157991.00,NaN,NaN,NaN,NaN,NaN,6697886.00,7401730.00,6633705.00,7127061.00,7964561.00,8408111.00,8805962.00,14445818.00,13699088.00,14935070.00,18141129.00,14570019.00,15989910.00,17182017.00,19713300.00,20326268.00,24689867.00,24969983.00,24969983.00,21624723.00,30895497.00,34274792.00,44505081.00,46256590.00,59601862.00,69905389.00,87874908.00,129272256.00,130886395.00,141436358.00,135771076.00,151266590.00,167979636.00,137713026.00,142269785
      Land,NaN,NaN,NaN,46442485.00,NaN,70241248.00,76333446.00,87820308.00,NaN,NaN,NaN,NaN,NaN,200268647.00,213854531.00,214757035.00,212850061.00,212808128.00,206500951.00,208059762.00,221172841.00,232302952.00,256622698.00,291171287.00,326371562.00,358625577.00,392090094.00,423177429.00,454765198.00,509408430.00,730875334.00,730875334.00,820122518.00,884587282.00,891573347.00,912941355.00,922404080.00,957193458.00,1000611500.00,1069052409.00,1142884446.00,1199528952.00,1306637780.00,1358823350.00,1338869636.00,1529279674.00,1613903574.00,1797570132
      Intangible assets,NaN,NaN,NaN,3230969.00,NaN,6730513.00,10404353.00,12816999.00,NaN,NaN,NaN,NaN,NaN,62595734.00,68578844.00,70184397.00,70921015.00,83293245.00,90595009.00,97736822.00,112873973.00,132086686.00,153682870.00,192982429.00,239697452.00,308136685.00,353134969.00,363634755.00,392420373.00,437492109.00,592178961.00,592178961.00,659333106.00,743754908.00,722751237.00,726329039.00,800069987.00,882907597.00,935840649.00,1023340567.00,1163641233.00,1314823917.00,1481825645.00,1577528205.00,1546529981.00,1757012807.00,1992438781.00,2330939707
            Less: Accumulated amoritization,NaN,NaN,NaN,1061087.00,NaN,2169740.00,3520871.00,3857717.00,NaN,NaN,NaN,NaN,NaN,24326410.00,27575030.00,28196018.00,29884872.00,33512503.00,36888240.00,39531112.00,41818039.00,45233527.00,49381300.00,52179614.00,55309349.00,66673266.00,80702435.00,90657665.00,89028884.00,91567848.00,107111131.00,107111131.00,118876478.00,142044682.00,148129659.00,159624968.00,170548597.00,186608675.00,193878005.00,211538070.00,229817949.00,252973511.00,279136902.00,309756116.00,311614148.00,401108619.00,418278371.00,525423515
      Other assets,NaN,NaN,NaN,21271862.00,NaN,41002361.00,73079123.00,68557036.00,NaN,NaN,NaN,NaN,NaN,194061550.00,271788247.00,140485203.00,137311388.00,130147660.00,143116894.00,159429218.00,190014042.00,229190398.00,301282617.00,366299901.00,415521098.00,463876812.00,591448595.00,644776888.00,667475879.00,760620987.00,1112372673.00,1112372673.00,1224008286.00,1390561505.00,1248307210.00,1321046308.00,1325396402.00,1314980457.00,1411789331.00,1546578930.00,1638476661.00,1750510450.00,1860481640.00,2059128948.00,2116365632.00,2788142412.00,3263204211.00,3321916378
Total liabilities and capital,NaN,NaN,NaN,353696180.00,NaN,597503923.00,715232570.00,845281413.00,NaN,NaN,NaN,NaN,NaN,1580194209.00,1791027273.00,1685223450.00,1616567896.00,1907344453.00,2118268141.00,2295212222.00,2718647742.00,3368165845.00,4171498832.00,5126548007.00,5998952883.00,6694142838.00,8428217379.00,8866560101.00,9675052728.00,11607698140.00,17146275372.00,17146275372.00,20386133966.00,19259803843.00,18798108367.00,19820206570.00,20574459139.00,22014928866.00,24163126120.00,26128933308.00,27366266830.00,28950043266.00,32403619868.00,34348006740.00,36048324019.00,43182900507.00,50832008026.00,52530130780
       Accounts payable,NaN,NaN,NaN,20943025.00,NaN,33899048.00,29092451.00,37254748.00,NaN,NaN,NaN,NaN,NaN,48882276.00,51695075.00,62401908.00,63088121.00,79336897.00,79764998.00,81057259.00,90603965.00,121243113.00,159411026.00,190689535.00,243769049.00,229893243.00,361748491.00,346350802.00,275560392.00,336393755.00,505211961.00,505211961.00,430034492.00,513208421.00,444390050.00,492466297.00,504493070.00,509016113.00,533473648.00,537406923.00,529084246.00,582851973.00,618376583.00,621403829.00,566181478.00,741424108.00,755704686.00,844748488
"       Mortgages, notes, bonds payable in less than one year",NaN,NaN,NaN,27810649.00,NaN,48001839.00,55691914.00,73277805.00,NaN,NaN,NaN,NaN,NaN,86552615.00,86933328.00,87570916.00,116758131.00,114638421.00,131148176.00,125644085.00,123961301.00,125889105.00,126794298.00,229922243.00,231808501.00,252226751.00,289248638.00,282684863.00,273570095.00,296350178.00,455621208.00,455621208.00,564662688.00,581693016.00,432206038.00,480916174.00,393589703.00,326059271.00,306330841.00,328111955.00,351264544.00,407009913.00,432531915.00,452494680.00,449880826.00,484300026.00,493119176.00,482022713
       Other current liabilities,NaN,NaN,NaN,16804131.00,NaN,61505617.00,106336090.00,129948913.00,NaN,NaN,NaN,NaN,NaN,86330374.00,110064162.00,123879764.00,168806041.00,207273367.00,272979891.00,290537838.00,425069642.00,663329069.00,839613535.00,931060110.00,962470987.00,923893453.00,1575392553.00,1545790568.00,1761713210.00,2361630275.00,3707452028.00,3707452028.00,4117267980.00,3611505624.00,2805449851.00,2640691764.00,2745714787.00,2806532947.00,3216716115.00,3447604886.00,3495987000.00,3926840111.00,4317411403.00,4968171524.00,5372874959.00,5846647422.00,6419913814.00,6679863589
       All nonrecourse loans,NaN,NaN,NaN,83746916.00,NaN,118910380.00,138134304.00,154508961.00,NaN,NaN,NaN,NaN,NaN,436916024.00,461008315.00,470139911.00,474221624.00,475615076.00,477709746.00,463311873.00,465744743.00,474197941.00,492364600.00,523403560.00,582151975.00,639417006.00,699883406.00,770277980.00,799599369.00,854466687.00,1102572590.00,1102572590.00,1210101896.00,1283259523.00,1281654052.00,1225305419.00,1212525105.00,1212390621.00,1224931576.00,1254352302.00,1269695686.00,1317580568.00,1378049828.00,1462092517.00,1489435134.00,1627492115.00,1727577873.00,1849036548
        Loans from partners,NaN,NaN,NaN,NaN,NaN,NaN,NaN,NaN,NaN,NaN,NaN,NaN,NaN,NaN,NaN,NaN,NaN,NaN,NaN,NaN,NaN,NaN,NaN,NaN,NaN,NaN,NaN,NaN,NaN,NaN,NaN,NaN,NaN,NaN,NaN,NaN,139111031.00,179500158.00,201449049.00,259673194.00,293521710.00,322036189.00,337279018.00,303558071.00,288210061.00,416698949.00,426808524.00,455317380
"       Mortgages, notes, bonds payable in one year or more",NaN,NaN,NaN,114942633.00,NaN,178044406.00,196508937.00,236218378.00,NaN,NaN,NaN,NaN,NaN,473597425.00,512127625.00,496727132.00,490848692.00,486374218.00,488793170.00,508307609.00,544253482.00,607075733.00,705768931.00,884452445.00,988667751.00,1132180865.00,1286392538.00,1375077274.00,1389224345.00,1545671581.00,2226995104.00,2226995104.00,2555749230.00,2767081324.00,2737341531.00,2692942535.00,2559485500.00,2705801158.00,2717030076.00,2993283748.00,3221869377.00,3477198579.00,3844382673.00,4063880736.00,4135655218.00,4780251785.00,5252022004.00,5924892257
       Other liabilities,NaN,NaN,NaN,28803143.00,NaN,48372734.00,54270061.00,70421961.00,NaN,NaN,NaN,NaN,NaN,180808548.00,213417185.00,128715928.00,146547285.00,144974951.00,169234813.00,193082501.00,236854930.00,243163159.00,334060387.00,391320476.00,444318126.00,517896863.00,622469445.00,651855431.00,803492634.00,853440065.00,1352233911.00,1352233911.00,1562200795.00,1410611225.00,1383969620.00,1461928613.00,1383980355.00,1537891328.00,1640789556.00,1804837348.00,1857560452.00,1988428138.00,2196830961.00,2474257706.00,2639299613.00,3202014399.00,3973726434.00,4089676021
       Partners' capital accounts,NaN,NaN,NaN,60645684.00,NaN,108769900.00,135198813.00,143650646.00,NaN,NaN,NaN,NaN,NaN,267106948.00,355781582.00,315787891.00,356502000.00,399131522.00,498637347.00,633271057.00,832159680.00,1133267724.00,1513486056.00,1975699638.00,2545766494.00,2998634658.00,3593082308.00,3894523181.00,4371892684.00,5359745599.00,7796188572.00,7796188572.00,9946116885.00,9092444710.00,9713097224.00,10825955766.00,11635559587.00,12737737269.00,14322405258.00,15503662951.00,16347283814.00,16928097795.00,19278757487.00,20002147676.00,21106786729.00,26084071702.00,31783135515.00,32204573785
Income and deductions from a trade or business: ,NaN,NaN,NaN,NaN,NaN,NaN,NaN,NaN,NaN,NaN,NaN,NaN,NaN,NaN,NaN,NaN,NaN,NaN,NaN,NaN,NaN,NaN,NaN,NaN,NaN,NaN,NaN,NaN,NaN,NaN,NaN,NaN,NaN,NaN,NaN,NaN,NaN,NaN,NaN,NaN,NaN,NaN,NaN,NaN,NaN,NaN,NaN,
   Total income,NaN,NaN,NaN,NaN,NaN,NaN,NaN,NaN,NaN,NaN,NaN,NaN,NaN,498378098.00,505222543.00,518994886.00,515461121.00,551549871.00,606190516.00,703827410.00,814704090.00,1002579987.00,1249789312.00,1474879256.00,1754972413.00,2218639870.00,2462461787.00,2582060669.00,2722174031.00,3021683261.00,3553589456.00,3912905087.00,4243833029.00,4700988521.00,3886378923.00,4280931741.00,4787734130.00,5081418395.00,5449360304.00,5603166669.00,5295334204.00,5336204494.00,5950274413.00,6432734325.00,5904091783.00,6542271248.00,7772495609.00,9212793590
Receipts and deductions from trade or business: [1],NaN,NaN,NaN,NaN,NaN,NaN,NaN,NaN,NaN,NaN,NaN,NaN,NaN,NaN,NaN,NaN,NaN,NaN,NaN,NaN,NaN,NaN,NaN,NaN,NaN,NaN,NaN,NaN,NaN,NaN,NaN,NaN,NaN,NaN,NaN,NaN,NaN,NaN,NaN,NaN,NaN,NaN,NaN,NaN,NaN,NaN,NaN,
Total Receipts,148417529.00,NaN,NaN,219192109.00,NaN,291998116.00,272129807.00,296690303.00,291318703.00,375192511.00,367117315.00,397302544.00,442802234.00,NaN,NaN,NaN,NaN,NaN,NaN,NaN,NaN,NaN,NaN,NaN,NaN,NaN,NaN,NaN,NaN,NaN,NaN,NaN,NaN,NaN,NaN,NaN,NaN,NaN,NaN,NaN,NaN,NaN,NaN,NaN,NaN,NaN,NaN,
     Business receipts,142505781.00,NaN,NaN,207731266.00,NaN,271108833.00,230027336.00,251608987.00,243248370.00,318342380.00,302733374.00,327428647.00,411457126.00,463956020.00,464951817.00,483417504.00,483164395.00,514827003.00,560999120.00,656158602.00,760617695.00,915844404.00,1141963405.00,1356655904.00,1615762245.00,2061764235.00,2278200526.00,2414187093.00,2545612266.00,2818861323.00,3280057197.00,3571281520.00,3847033858.00,4343871123.00,3562275066.00,3946423948.00,4454568856.00,4689702874.00,5068975400.00,5185510381.00,4877414510.00,4918666446.00,5459610621.00,5904280531.00,5397435883.00,5902136847.00,7016021357.00,8339604045
     Ordinary income from other partnerships and fiduciaries,391887.00,NaN,NaN,829508.00,NaN,1277313.00,1862539.00,1976512.00,3551280.00,4136685.00,4894652.00,4716373.00,3909729.00,4959791.00,6503902.00,6014742.00,5421029.00,7150284.00,9580608.00,9700952.00,12499163.00,20363506.00,22888919.00,24959557.00,32216736.00,34396143.00,37145568.00,32370871.00,38860842.00,48711241.00,74562696.00,87011698.00,102398987.00,94616213.00,87691226.00,94549769.00,98016975.00,122584647.00,127818631.00,145221603.00,139229298.00,146568309.00,161355348.00,177348686.00,175563169.00,206878369.00,291280441.00,368498190
     Nonqualifying dividends and interest received,2497808.00,NaN,NaN,4417337.00,NaN,11053204.00,16521153.00,15259801.00,15006055.00,16651205.00,20558966.00,21715994.00,NaN,NaN,NaN,NaN,NaN,NaN,NaN,NaN,NaN,NaN,NaN,NaN,NaN,NaN,NaN,NaN,NaN,NaN,NaN,NaN,NaN,NaN,NaN,NaN,NaN,NaN,NaN,NaN,NaN,NaN,NaN,NaN,NaN,NaN,NaN,
     Rents received,649343.00,NaN,NaN,914937.00,NaN,1179617.00,12211547.00,14715048.00,16435507.00,19112866.00,22011177.00,23096566.00,NaN,NaN,NaN,NaN,NaN,NaN,NaN,NaN,NaN,NaN,NaN,NaN,NaN,NaN,NaN,NaN,NaN,NaN,NaN,NaN,NaN,NaN,NaN,NaN,NaN,NaN,NaN,NaN,NaN,NaN,NaN,NaN,NaN,NaN,NaN,
     Royalties ,279433.00,NaN,NaN,410315.00,NaN,722627.00,712667.00,1217811.00,974573.00,1139586.00,1227808.00,1278856.00,NaN,NaN,NaN,NaN,NaN,NaN,NaN,NaN,NaN,NaN,NaN,NaN,NaN,NaN,NaN,NaN,NaN,NaN,NaN,NaN,NaN,NaN,NaN,NaN,NaN,NaN,NaN,NaN,NaN,NaN,NaN,NaN,NaN,NaN,NaN,
     Farm net profit,23349.00,NaN,NaN,30352.00,NaN,19700.00,1918127.00,1746014.00,1696998.00,1587326.00,1856781.00,1743021.00,6501873.00,2558984.00,2452962.00,2234751.00,2796101.00,2561945.00,2594695.00,2534196.00,2532276.00,2967005.00,3245297.00,2857055.00,3510762.00,2758099.00,3080330.00,2892121.00,3434024.00,3545288.00,4677412.00,4916630.00,4916630.00,7466233.00,6766782.00,5889089.00,8614611.00,10839758.00,9566052.00,11103632.00,NaN,NaN,NaN,NaN,NaN,NaN,NaN,
"     Net gain, noncapital assets",359566.00,NaN,NaN,957426.00,NaN,1101631.00,1961662.00,1284962.00,1704228.00,2892749.00,2226999.00,3333255.00,2669190.00,5656928.00,2956310.00,3882967.00,2022921.00,2048877.00,3435093.00,3002209.00,3196462.00,4593655.00,4894940.00,6478634.00,6651584.00,7165980.00,6664457.00,6980473.00,7393459.00,10414041.00,13554033.00,15157978.00,15157978.00,17695771.00,13132365.00,21931795.00,21342803.00,28016551.00,24909006.00,26841902.00,28409855.00,29404062.00,42324714.00,49562115.00,44333012.00,61406192.00,75936595.00,74895264
     Other income,NaN,NaN,NaN,NaN,NaN,NaN,NaN,NaN,NaN,NaN,NaN,NaN,NaN,21246375.00,28357553.00,23444922.00,22056675.00,24963762.00,29581000.00,32431451.00,35858494.00,58811418.00,76796751.00,83928106.00,96831086.00,112555413.00,137370907.00,125630111.00,126873441.00,140151368.00,180738118.00,234537262.00,234537262.00,237339181.00,216513485.00,212137140.00,205190886.00,230274565.00,218091214.00,234489152.00,250280540.00,241565677.00,286983731.00,301542993.00,286759719.00,371849840.00,389257218.00,429796091
     Other receipts,1680362.00,NaN,NaN,3900968.00,NaN,5535192.00,6914777.00,8881168.00,8701692.00,11329715.00,11607558.00,13989833.00,18264316.00,NaN,NaN,NaN,NaN,NaN,NaN,NaN,NaN,NaN,NaN,NaN,NaN,NaN,NaN,NaN,NaN,NaN,NaN,NaN,NaN,NaN,NaN,NaN,NaN,NaN,NaN,NaN,NaN,NaN,NaN,NaN,NaN,NaN,NaN,
   Total deductions,140679959.00,NaN,NaN,204745300.00,NaN,283749460.00,274864690.00,304004833.00,293928744.00,378692535.00,376000991.00,414673405.00,423498884.00,464991155.00,475433817.00,493468105.00,490432721.00,513276112.00,554772390.00,647522965.00,753845785.00,912722215.00,1156922964.00,1386111725.00,1647491152.00,2099471504.00,2348244173.00,2455848170.00,2567688119.00,2815180739.00,3244612319.00,3555849670.00,3555849670.00,4590182624.00,3748565614.00,4026378206.00,4531982601.00,4689190348.00,5061753548.00,5162594042.00,4915397618.00,4981480470.00,5591329131.00,6055822095.00,5611453035.00,6225702711.00,7111034417.00,8365174008
      Cost of goods sold,64672843.00,NaN,NaN,87217203.00,NaN,113885668.00,130043609.00,144595111.00,125330745.00,180857822.00,146315315.00,164167707.00,237156859.00,252590549.00,232797570.00,242448195.00,236500500.00,248626073.00,272502902.00,335144653.00,395322385.00,486257935.00,625197285.00,737235839.00,902157018.00,1225628897.00,1338114656.00,1430213629.00,1522806503.00,1666146493.00,1975816361.00,2108966781.00,2108966781.00,2717033028.00,2054661677.00,2335999179.00,2731677851.00,2827546739.00,3086677980.00,3065992261.00,2695613646.00,2660228603.00,3011968907.00,3343267462.00,2878254035.00,3255992777.00,3846985340.00,4758754037
"       Inventory, beginning of year",7667585.00,NaN,NaN,NaN,NaN,13255671.00,16141130.00,25307927.00,NaN,41480731.00,25442509.00,24831895.00,28361810.00,37216939.00,41302678.00,42868069.00,43652870.00,42973268.00,46659746.00,46602083.00,54702293.00,60401434.00,70441911.00,87546927.00,95687355.00,112799938.00,128324181.00,175335232.00,142614381.00,154642984.00,183499132.00,215719281.00,215719281.00,278201115.00,270959003.00,249741778.00,250076875.00,262415671.00,267727307.00,292403115.00,291139488.00,299870537.00,329035539.00,334150156.00,317773547.00,384177586.00,364654545.00,417421630
       Purchases,42608734.00,NaN,NaN,NaN,NaN,70439607.00,92136914.00,96111197.00,NaN,100358781.00,91925923.00,100010383.00,167977884.00,173024428.00,137011049.00,140521621.00,134086152.00,150034393.00,163167689.00,210803531.00,256546960.00,321340188.00,427050241.00,461144704.00,585068938.00,797038243.00,887515286.00,903589600.00,987652150.00,1130541265.00,1328185749.00,1412030108.00,1412030108.00,1844775281.00,1389292787.00,1613898628.00,1976008984.00,2029823293.00,2256721854.00,2207221054.00,1884856950.00,1852866663.00,2084429237.00,2367367406.00,1947050485.00,2205968929.00,2767119019.00,3279771433
       Cost of labor,4585836.00,NaN,NaN,NaN,NaN,7015547.00,5835683.00,7183865.00,NaN,7826231.00,8845106.00,9789253.00,9975053.00,11535738.00,13378307.00,13924993.00,14188250.00,14826792.00,16208644.00,18528257.00,20080458.00,22890832.00,28794257.00,33411962.00,42089216.00,46714175.00,53029403.00,58736031.00,63434283.00,67483580.00,80010457.00,91460084.00,91460084.00,113546251.00,100075751.00,105454543.00,113840087.00,127120016.00,137000237.00,148468563.00,154316206.00,157223744.00,167570200.00,180398126.00,182557305.00,202508740.00,212289664.00,258584088
       Materials and supplies,3321427.00,NaN,NaN,NaN,NaN,5603874.00,6161003.00,6549014.00,NaN,NaN,NaN,NaN,NaN,NaN,NaN,NaN,NaN,NaN,NaN,NaN,NaN,NaN,NaN,NaN,NaN,NaN,NaN,NaN,NaN,NaN,NaN,NaN,NaN,NaN,NaN,NaN,NaN,NaN,NaN,NaN,NaN,NaN,NaN,NaN,NaN,NaN,NaN,
       Additional inventory costs (Section 283A),NaN,NaN,NaN,NaN,NaN,NaN,NaN,NaN,NaN,NaN,NaN,NaN,1265482.00,1497345.00,2327873.00,2416391.00,2480289.00,2613430.00,3107862.00,3992791.00,4549020.00,5537922.00,7603756.00,7916276.00,8870107.00,8521473.00,10498054.00,12337529.00,13314217.00,17784635.00,21841617.00,19706569.00,19706569.00,16839442.00,14702790.00,14052892.00,12638235.00,15901153.00,15959197.00,16654461.00,16899796.00,14587234.00,17628083.00,22676595.00,21000598.00,24673427.00,23791735.00,31987328
       Other costs,14641288.00,NaN,NaN,NaN,NaN,32260929.00,32435993.00,32147879.00,NaN,70638082.00,47380973.00,57000019.00,61270873.00,65539407.00,76889047.00,83210972.00,81294468.00,81737431.00,89417903.00,103941827.00,117877969.00,142196666.00,171093990.00,242604643.00,281530830.00,386508986.00,394187103.00,418483634.00,467575762.00,480674356.00,588093699.00,626794373.00,626794373.00,744413006.00,530951167.00,606159347.00,644144846.00,666736558.00,696943112.00,703725166.00,649265349.00,659888290.00,761277666.00,802742121.00,742520136.00,821966625.00,900246099.00,1248599863
"       Less:  inventory, end of year",8152127.00,NaN,NaN,NaN,NaN,14689960.00,22667114.00,22704771.00,NaN,39446014.00,27279196.00,27463816.00,31659239.00,41105534.00,44593538.00,45271389.00,42804203.00,46261566.00,48878070.00,50754489.00,60813341.00,69912625.00,84813771.00,99669214.00,115689924.00,129428537.00,138604738.00,142329934.00,153053073.00,186762966.00,228775948.00,259131558.00,259131558.00,284783978.00,251319822.00,253308009.00,265031176.00,274449952.00,287673727.00,302480098.00,305950278.00,324207866.00,347971819.00,364066943.00,332648035.00,383302529.00,421115723.00,477610305
     Salaries and wages,12489039.00,NaN,NaN,16585456.00,NaN,22336337.00,21952655.00,23204883.00,24733780.00,28522626.00,33884204.00,36304654.00,40676362.00,47098641.00,54051875.00,56025118.00,57907843.00,61761245.00,65374814.00,70069247.00,80292538.00,94181234.00,115199593.00,142910961.00,169905010.00,201350844.00,230874139.00,237882426.00,244927745.00,268806663.00,293216548.00,331851279.00,331851279.00,403229369.00,389650325.00,405359065.00,435594782.00,462762450.00,501819254.00,541453609.00,577746711.00,606596550.00,657088598.00,700374995.00,712051408.00,774967319.00,872118799.00,991848964
        Less: jobs credit,NaN,NaN,NaN,NaN,NaN,19815.00,91418.00,15583.00,13480.00,22515.00,16511.00,41169.00,2785107.00,266027.00,281388.00,26244.00,17805.00,11129.00,15225.00,NaN,NaN,NaN,NaN,NaN,NaN,NaN,NaN,NaN,NaN,NaN,NaN,NaN,NaN,NaN,NaN,NaN,NaN,NaN,NaN,NaN,NaN,NaN,NaN,NaN,NaN,NaN,NaN,
     Guaranteed payments to partners,2649186.00,NaN,NaN,3500460.00,NaN,4746253.00,5212661.00,5350678.00,5838956.00,7517503.00,7694236.00,7237781.00,7212214.00,8059223.00,9748284.00,8829449.00,9849016.00,9945449.00,10398313.00,10918683.00,12353212.00,13683193.00,15528514.00,18268692.00,21102416.00,24301557.00,26762540.00,28147265.00,28472046.00,32213217.00,36717580.00,41759375.00,41759375.00,51827098.00,48003745.00,50008233.00,53519934.00,57864841.00,61787892.00,67100175.00,67146214.00,70245218.00,73904399.00,68967435.00,68845819.00,74044266.00,81086502.00,81949505
     Rent paid,3626571.00,NaN,NaN,5154353.00,NaN,6631627.00,4985675.00,5693874.00,6224359.00,7533299.00,8537160.00,9479021.00,8983537.00,10578657.00,12018268.00,13034650.00,13692816.00,14022168.00,14949902.00,15637877.00,17331831.00,19344223.00,23466746.00,27757094.00,31042897.00,35932443.00,42276815.00,44598862.00,46442451.00,50402698.00,55895492.00,62379198.00,62379198.00,74626236.00,73739226.00,78353244.00,80604298.00,82531969.00,89139680.00,92197088.00,101279145.00,103980661.00,113482573.00,117875840.00,120623444.00,126012953.00,133725972.00,144656655
     Interest paid,12097100.00,NaN,NaN,16022804.00,NaN,28362386.00,19586018.00,21517044.00,22364264.00,25437588.00,28674933.00,29452297.00,19953845.00,23242437.00,32747005.00,29617935.00,27973593.00,25091279.00,27006200.00,36432301.00,42775881.00,49190487.00,59519342.00,73406067.00,74428567.00,92751748.00,97278387.00,68127690.00,64619863.00,64457049.00,103453348.00,136788830.00,136788830.00,142571532.00,94119640.00,85862393.00,81231081.00,81072973.00,78054746.00,82882319.00,85496044.00,96809736.00,111008159.00,106664500.00,113739451.00,127961963.00,113144946.00,119311133
     Taxes and licenses,5770918.00,NaN,NaN,7364870.00,NaN,9553145.00,5040336.00,5288971.00,5909545.00,6673186.00,7745756.00,7866233.00,6867461.00,7993317.00,8873071.00,9339396.00,9863080.00,10307970.00,10877982.00,11545647.00,13151513.00,14738742.00,17922755.00,23813223.00,26896235.00,31145304.00,34626540.00,36416569.00,39019475.00,42114276.00,46896065.00,52973535.00,52973535.00,63015850.00,61647989.00,63288386.00,68872988.00,73198286.00,78788525.00,83391297.00,87315881.00,89132302.00,95487385.00,99163744.00,92037674.00,104769369.00,139753058.00,161264028
     Bad debts,255093.00,NaN,NaN,263583.00,NaN,392259.00,394458.00,556090.00,635769.00,657156.00,798293.00,1085091.00,1220161.00,1397284.00,1653786.00,3486235.00,2713892.00,2857503.00,2754734.00,2535273.00,3573119.00,5188483.00,5850425.00,7347904.00,8415571.00,9820088.00,12241864.00,14176575.00,12374380.00,12770923.00,15256780.00,12298985.00,12298985.00,32219946.00,40355747.00,32607437.00,14788745.00,24979310.00,14937166.00,15027032.00,17186398.00,19099278.00,20074390.00,21144069.00,23119196.00,27741283.00,20558885.00,24453971
     Repairs and maintenance,2202626.00,NaN,NaN,3352299.00,NaN,4910831.00,1900379.00,1950053.00,1993665.00,2302985.00,2498020.00,2538640.00,2513846.00,2785235.00,3186556.00,3490358.00,3575463.00,3846682.00,4282210.00,4436481.00,5058545.00,5941081.00,7668494.00,8537670.00,9859621.00,11302059.00,12624866.00,13535089.00,14270433.00,15515490.00,17265523.00,19365103.00,19365103.00,22463069.00,21839212.00,23503815.00,24873513.00,27219452.00,28453808.00,30564085.00,32838705.00,34121685.00,36517655.00,38873347.00,37516476.00,39758587.00,43603236.00,49025423
     Depreciation,10108834.00,NaN,NaN,14519760.00,NaN,21576190.00,NaN,NaN,NaN,NaN,22575913.00,25446371.00,19307397.00,19799142.00,19604615.00,19433190.00,19090650.00,19773081.00,20692214.00,21811355.00,24001617.00,28607286.00,37763139.00,42579701.00,51730335.00,58912624.00,72199421.00,82897056.00,83564737.00,90230757.00,70834176.00,78611668.00,78611668.00,129739268.00,125349711.00,130060596.00,172267579.00,136841830.00,157618397.00,167928282.00,176033137.00,187450186.00,226632473.00,260659657.00,275980068.00,277447511.00,255705930.00,271099292
     Amortization,165755.00,NaN,NaN,222728.00,NaN,583353.00,937460.00,NaN,NaN,NaN,NaN,NaN,NaN,NaN,NaN,NaN,NaN,NaN,NaN,NaN,NaN,NaN,NaN,NaN,NaN,NaN,NaN,NaN,NaN,NaN,NaN,NaN,NaN,NaN,NaN,NaN,NaN,NaN,NaN,NaN,NaN,NaN,NaN,NaN,NaN,NaN,NaN,
     Depletion,392734.00,NaN,NaN,246530.00,NaN,370594.00,308866.00,465882.00,375404.00,277521.00,242097.00,311118.00,287787.00,314882.00,312229.00,363858.00,305490.00,317556.00,214262.00,291015.00,323910.00,371771.00,382488.00,322489.00,402119.00,410837.00,453832.00,504061.00,492467.00,695313.00,815433.00,810776.00,810776.00,1089961.00,697852.00,1136950.00,1258518.00,1302243.00,1101106.00,901941.00,NaN,NaN,NaN,NaN,NaN,NaN,NaN,
     Retirement plans etc.,190127.00,NaN,NaN,260432.00,NaN,384956.00,358939.00,413489.00,452471.00,530116.00,703297.00,851939.00,744077.00,965832.00,1292058.00,1193245.00,1341535.00,1383748.00,1572606.00,1662421.00,1923056.00,2212520.00,2452054.00,3008573.00,3555224.00,4293150.00,5478146.00,6444065.00,7742624.00,7946658.00,8419160.00,9699587.00,9699587.00,13637545.00,13554208.00,10812565.00,13559083.00,12794565.00,12795586.00,13279878.00,13475978.00,14934684.00,16858777.00,15651350.00,15179541.00,17954041.00,17352399.00,18910159
     Employee benefit programs,285391.00,NaN,NaN,458999.00,NaN,716304.00,514505.00,602220.00,600203.00,871296.00,1019335.00,1187781.00,1267221.00,1747787.00,2329891.00,2642264.00,3049236.00,3329192.00,3599819.00,3786552.00,4313373.00,4967162.00,6073311.00,7813657.00,9323890.00,11152300.00,14413073.00,16654928.00,17864037.00,19178240.00,20050163.00,22870238.00,22870238.00,29958470.00,27788656.00,28667946.00,30139909.00,32453375.00,34742052.00,43493002.00,41003456.00,45534595.00,48486237.00,49852988.00,49173328.00,55395264.00,59114442.00,64598187
     Ordinary loss from other partnerships and fiduciaries,1150079.00,NaN,NaN,1961174.00,NaN,4702654.00,6987649.00,8767376.00,9224949.00,10021495.00,13227029.00,15076648.00,5511410.00,5798786.00,7041412.00,8561592.00,7312918.00,7061442.00,6001422.00,6976737.00,7094207.00,12115195.00,16203396.00,19690053.00,21572769.00,25053841.00,35526353.00,26854498.00,24091002.00,26003075.00,23744327.00,31265506.00,31265506.00,107174089.00,88537709.00,64605827.00,65704048.00,56962081.00,61115616.00,60171596.00,76356647.00,81516396.00,104168518.00,116311859.00,134019405.00,172201231.00,157955998.00,150144409
     Rent net loss,NaN,NaN,NaN,NaN,NaN,NaN,12507395.00,14761087.00,19553817.00,26398850.00,32473197.00,38862999.00,NaN,NaN,NaN,NaN,NaN,NaN,NaN,NaN,NaN,NaN,NaN,NaN,NaN,NaN,NaN,NaN,NaN,NaN,NaN,NaN,NaN,NaN,NaN,NaN,NaN,NaN,NaN,NaN,NaN,NaN,NaN,NaN,NaN,NaN,NaN,
     Royalty net loss,NaN,NaN,NaN,NaN,NaN,NaN,229221.00,201705.00,117687.00,20427.00,12431.00,37477.00,NaN,NaN,NaN,NaN,NaN,NaN,NaN,NaN,NaN,NaN,NaN,NaN,NaN,NaN,NaN,NaN,NaN,NaN,NaN,NaN,NaN,NaN,NaN,NaN,NaN,NaN,NaN,NaN,NaN,NaN,NaN,NaN,NaN,NaN,NaN,
     Farm net loss,6816.00,NaN,NaN,14677.00,NaN,13969.00,2398676.00,2515960.00,2211782.00,2669010.00,2895554.00,2607243.00,1675642.00,2259790.00,1748783.00,1849205.00,1854389.00,1348342.00,1704820.00,1930801.00,2296388.00,2106348.00,2110358.00,2706695.00,2669190.00,3159824.00,3438913.00,3999938.00,3722278.00,3792196.00,4260904.00,5738117.00,5738117.00,6009888.00,7389897.00,6349983.00,6419788.00,5715943.00,7893380.00,6595942.00,NaN,NaN,NaN,NaN,NaN,NaN,NaN,
     Net loss from other partnerships,1150079.00,NaN,NaN,NaN,NaN,NaN,NaN,NaN,NaN,NaN,NaN,NaN,NaN,NaN,NaN,NaN,NaN,NaN,NaN,NaN,NaN,NaN,NaN,NaN,NaN,NaN,NaN,NaN,NaN,NaN,NaN,NaN,NaN,NaN,NaN,NaN,NaN,NaN,NaN,NaN,NaN,NaN,NaN,NaN,NaN,NaN,NaN,
"     Net loss, noncapital assets",120330.00,NaN,NaN,193501.00,NaN,716247.00,568479.00,438252.00,217888.00,389944.00,290604.00,530744.00,1022652.00,403651.00,682103.00,1053321.00,377689.00,589459.00,577622.00,667548.00,705679.00,610676.00,748157.00,853481.00,1167255.00,1748046.00,4530495.00,3576661.00,2254168.00,2201202.00,2992837.00,2841852.00,2841852.00,10645567.00,11937699.00,6804798.00,7398345.00,4142433.00,6154816.00,6031652.00,6485226.00,5514782.00,6058976.00,6817904.00,7210678.00,9487067.00,8728183.00,8724084
     Other deductions,24496517.00,NaN,NaN,47406474.00,NaN,63886500.00,51260982.00,53986241.00,52355781.00,58252033.00,66430129.00,71670832.00,71883520.00,80221966.00,87627699.00,92126318.00,95042416.00,103026051.00,112276793.00,123676375.00,143328531.00,173205878.00,220836909.00,269859625.00,313263035.00,362507941.00,417404132.00,441818861.00,455023911.00,512706488.00,568977626.00,637628843.00,637628843.00,784941709.00,689292319.00,702957790.00,744072138.00,801801859.00,840673544.00,885583881.00,937420431.00,966315795.00,1069592085.00,1110196946.00,1083702513.00,1161969081.00,1361200726.00,1520434162
Net profit (less loss),7737570.00,NaN,NaN,NaN,NaN,NaN,NaN,NaN,NaN,NaN,NaN,NaN,NaN,NaN,NaN,NaN,NaN,NaN,NaN,NaN,NaN,NaN,NaN,NaN,NaN,NaN,NaN,NaN,NaN,NaN,NaN,NaN,NaN,NaN,NaN,NaN,NaN,NaN,NaN,NaN,NaN,NaN,NaN,NaN,NaN,NaN,NaN,
     Net profit,22431931.00,NaN,NaN,NaN,NaN,NaN,NaN,NaN,NaN,NaN,NaN,NaN,NaN,NaN,NaN,NaN,NaN,NaN,NaN,NaN,NaN,NaN,NaN,NaN,NaN,NaN,NaN,NaN,NaN,NaN,NaN,NaN,NaN,NaN,NaN,NaN,NaN,NaN,NaN,NaN,NaN,NaN,NaN,NaN,NaN,NaN,NaN,
     Net loss,14694361.00,NaN,NaN,NaN,NaN,NaN,NaN,NaN,NaN,NaN,NaN,NaN,NaN,NaN,NaN,NaN,NaN,NaN,NaN,NaN,NaN,NaN,NaN,NaN,NaN,NaN,NaN,NaN,NaN,NaN,NaN,NaN,NaN,NaN,NaN,NaN,NaN,NaN,NaN,NaN,NaN,NaN,NaN,NaN,NaN,NaN,NaN,
 Ordinary business income (loss),NaN,NaN,NaN,14446809.00,NaN,8248656.00,-2734897.00,-7314587.00,-2610041.00,-3500024.00,-8883674.00,-17370860.00,19303350.00,33386948.00,29788726.00,25526781.00,25028401.00,38273759.00,51418125.00,56304445.00,60858305.00,89857772.00,92866348.00,88767531.00,107481261.00,119168367.00,114217614.00,126212499.00,154485912.00,206502522.00,308977137.00,357055417.00,357055417.00,110805898.00,137813309.00,254553535.00,255751530.00,392228047.00,387606756.00,440572628.00,379936585.00,354724024.00,358945282.00,376912230.00,292638748.00,316568537.00,661461193.00,847619582
      Net income,NaN,NaN,NaN,33689343.00,NaN,45061756.00,50567190.00,53556856.00,60308114.00,69696922.00,77044693.00,80214873.00,62028990.00,75446656.00,75888759.00,76435760.00,72619843.00,81877970.00,92627139.00,98075024.00,109314199.00,149821093.00,167508411.00,182442611.00,210453491.00,240565978.00,265512155.00,266933632.00,284691823.00,347277588.00,444601621.00,516281778.00,516281778.00,524951632.00,458805359.00,499945046.00,528156205.00,623270776.00,637337054.00,690096548.00,672317946.00,665512286.00,740214518.00,768052696.00,732677071.00,870954595.00,1152241576.00,1336553741
      Loss,NaN,NaN,NaN,19242534.00,NaN,36813101.00,53302086.00,60871442.00,62918155.00,73196946.00,85928367.00,97585733.00,42725640.00,42169708.00,46100033.00,50908979.00,47591442.00,43604210.00,41209013.00,41770579.00,48455894.00,59963321.00,74642063.00,93675080.00,102972230.00,121397612.00,151294542.00,140721133.00,130205911.00,140775066.00,135624484.00,159226360.00,159226360.00,414145735.00,320992050.00,245391511.00,272404676.00,231042728.00,249730298.00,249523921.00,292381361.00,310788263.00,381269235.00,391140466.00,440038323.00,554386058.00,490780383.00,488934159
Capital gains and losses allocable to partners:,NaN,NaN,NaN,NaN,NaN,NaN,NaN,NaN,NaN,NaN,NaN,NaN,NaN,NaN,NaN,NaN,NaN,NaN,NaN,NaN,NaN,NaN,NaN,NaN,NaN,NaN,NaN,NaN,NaN,NaN,NaN,NaN,NaN,NaN,NaN,NaN,NaN,NaN,NaN,NaN,NaN,NaN,NaN,NaN,NaN,NaN,NaN,
    Net short-term capital gain (less loss),NaN,NaN,NaN,246857.00,NaN,-4528.00,906491741.00,1249482.00,NaN,NaN,NaN,NaN,NaN,NaN,NaN,NaN,NaN,NaN,NaN,NaN,NaN,NaN,NaN,NaN,NaN,NaN,NaN,NaN,NaN,NaN,NaN,NaN,NaN,NaN,NaN,NaN,NaN,NaN,NaN,NaN,NaN,NaN,NaN,NaN,NaN,NaN,NaN,
    Net long-term capital gain (less loss),NaN,NaN,NaN,3749996.00,NaN,6386412.00,5546775.00,7060222.00,NaN,NaN,NaN,NaN,NaN,NaN,NaN,NaN,NaN,NaN,NaN,NaN,NaN,NaN,NaN,NaN,NaN,NaN,NaN,NaN,NaN,NaN,NaN,NaN,NaN,NaN,NaN,NaN,NaN,NaN,NaN,NaN,NaN,NaN,NaN,NaN,NaN,NaN,NaN,
Portfolio income distributed directly to partners:,NaN,NaN,NaN,NaN,NaN,NaN,NaN,NaN,NaN,NaN,NaN,NaN,NaN,NaN,NaN,NaN,NaN,NaN,NaN,NaN,NaN,NaN,NaN,NaN,NaN,NaN,NaN,NaN,NaN,NaN,NaN,NaN,NaN,NaN,NaN,NaN,NaN,NaN,NaN,NaN,NaN,NaN,NaN,NaN,NaN,NaN,NaN,
Portfolio income:,NaN,NaN,NaN,NaN,NaN,NaN,NaN,NaN,NaN,NaN,NaN,NaN,NaN,NaN,NaN,NaN,NaN,NaN,NaN,NaN,NaN,NaN,NaN,NaN,NaN,NaN,NaN,NaN,NaN,NaN,NaN,NaN,NaN,NaN,NaN,NaN,NaN,NaN,NaN,NaN,NaN,NaN,NaN,NaN,NaN,NaN,NaN,
  Portfolio income (loss) distributed directly to partners,NaN,NaN,NaN,NaN,NaN,NaN,NaN,NaN,NaN,NaN,NaN,NaN,29662546.00,41900637.00,49217640.00,38635985.00,34070353.00,32062494.00,44314395.00,45105521.00,77342327.00,108149024.00,140336774.00,161897547.00,206713189.00,275827300.00,152983983.00,110667014.00,188901446.00,355581512.00,535267067.00,722426524.00,722426524.00,370840964.00,222071989.00,618879004.00,665684115.00,903348369.00,910672961.00,1076596885.00,995539608.00,850020729.00,1214674616.00,1211350828.00,1154695022.00,1337776818.00,2631754143.00,
     Interest income,NaN,NaN,NaN,NaN,NaN,NaN,NaN,NaN,NaN,NaN,NaN,NaN,13568398.00,19776489.00,20941861.00,20799631.00,19872179.00,15570376.00,16327321.00,19450589.00,31240619.00,33363831.00,40709135.00,51454743.00,61769762.00,82322875.00,84801548.00,70225315.00,70702884.00,87942510.00,133742088.00,193499813.00,193499813.00,245112463.00,178069262.00,182578876.00,170372178.00,166218587.00,156987861.00,153825358.00,155005964.00,181106456.00,203084474.00,240778269.00,261628027.00,237489985.00,232799046.00,335128294
     Dividend income,NaN,NaN,NaN,NaN,NaN,NaN,NaN,NaN,NaN,NaN,NaN,NaN,2310346.00,2849037.00,3239280.00,2827586.00,2872179.00,2516408.00,3042507.00,4448472.00,5392016.00,8844784.00,11729852.00,13710835.00,16704092.00,20921231.00,23420217.00,26271049.00,31279662.00,49289305.00,65013094.00,83897950.00,83897950.00,96314599.00,78934953.00,130843672.00,120294486.00,157907896.00,149196774.00,162729221.00,159450074.00,166780363.00,174554145.00,184802736.00,186839272.00,197343395.00,285284706.00,296286465
     Royalties ,NaN,NaN,NaN,NaN,NaN,NaN,NaN,NaN,NaN,NaN,NaN,NaN,588096.00,588838.00,767254.00,911554.00,1108967.00,1484627.00,1858988.00,2375149.00,2270245.00,2962937.00,3300635.00,3686819.00,4718816.00,5958686.00,7926721.00,7984177.00,11665867.00,12059130.00,16296768.00,14219959.00,14219959.00,22131102.00,14908744.00,19329352.00,24121426.00,23545929.00,27693086.00,34711302.00,29803275.00,27998219.00,31082457.00,40549478.00,33630926.00,38812965.00,54979643.00,80464397
     Net short-term capital gain (loss),NaN,NaN,NaN,NaN,NaN,NaN,NaN,NaN,NaN,NaN,NaN,NaN,414372.00,3413904.00,9689486.00,2403648.00,2877965.00,2162063.00,5170055.00,-1054112.00,4495804.00,8123363.00,12518579.00,1147207.00,18891946.00,13134895.00,-11062075.00,-4764774.00,22681210.00,27837829.00,42563416.00,54613689.00,54613689.00,-125438062.00,64099636.00,73322513.00,17653581.00,59443290.00,90348716.00,66058368.00,5086159.00,17331887.00,90372588.00,-29523435.00,75624458.00,80106047.00,188417925.00,-124775201
     Net long-term capital gain (loss),NaN,NaN,NaN,NaN,NaN,NaN,NaN,NaN,NaN,NaN,NaN,NaN,12290025.00,14746186.00,14041310.00,10838690.00,6759199.00,9497899.00,16991553.00,19264327.00,32710599.00,53249372.00,70309330.00,90016391.00,102180129.00,147822248.00,45144675.00,9151631.00,49521530.00,178452737.00,277651703.00,376195114.00,376195114.00,132720862.00,-113940605.00,212804591.00,333242445.00,496232666.00,486446524.00,659272636.00,646194135.00,456803804.00,715580952.00,774743781.00,596972339.00,784024424.00,1870272823.00,968284376
     Other portfolio income (less deficit),NaN,NaN,NaN,NaN,NaN,NaN,NaN,NaN,NaN,NaN,NaN,NaN,491309.00,526474.00,538450.00,854875.00,593426.00,831120.00,923972.00,621095.00,1233044.00,1604738.00,1769243.00,1881552.00,2448445.00,5667366.00,2752897.00,1799616.00,3050294.00,NaN,NaN,NaN,NaN,NaN,NaN,NaN,NaN,NaN,NaN,NaN,NaN,NaN,NaN,NaN,NaN,NaN,NaN,
Net rental real estate income (loss),NaN,NaN,NaN,NaN,NaN,NaN,NaN,NaN,NaN,NaN,NaN,NaN,-41746473.00,-43274662.00,-42096327.00,-35164507.00,-28574631.00,-16942212.00,-8397349.00,-2495091.00,4365753.00,7612463.00,17326614.00,26864282.00,36432210.00,35041911.00,42801431.00,39557953.00,30541245.00,28553287.00,18506453.00,15122150.00,15122150.00,-12517724.00,-3663647.00,3960412.00,8212790.00,34099923.00,42943661.00,42841947.00,54409785.00,57012446.00,41740974.00,40492618.00,-8808487.00,-36658977.00,-42260936.00,-66872253
   Net income,NaN,NaN,NaN,NaN,NaN,NaN,NaN,NaN,NaN,NaN,NaN,NaN,13145084.00,16164498.00,17749202.00,19670063.00,20158010.00,22151863.00,24987639.00,28081620.00,32091524.00,36153925.00,43843125.00,53811644.00,63020996.00,66244247.00,77143213.00,78723925.00,77470882.00,83230533.00,87034416.00,89508702.00,89508702.00,96330537.00,96236328.00,99497506.00,102623517.00,120352343.00,128910804.00,137827541.00,150848414.00,162916110.00,167219633.00,187563644.00,169436325.00,180270946.00,213650626.00,229409176
   Loss,NaN,NaN,NaN,NaN,NaN,NaN,NaN,NaN,NaN,NaN,NaN,NaN,54891557.00,59439160.00,59845529.00,54834570.00,48730641.00,39094075.00,33384988.00,30576712.00,27725771.00,28541463.00,26516511.00,26947362.00,26588786.00,31202337.00,34341782.00,39165972.00,46929637.00,54677246.00,68527963.00,74386552.00,74386552.00,108848261.00,99899975.00,95537094.00,94410727.00,86252420.00,85967142.00,94985594.00,96438628.00,105903665.00,125478658.00,147071026.00,178244812.00,216929923.00,255911563.00,296281429
Other net rental income (loss),NaN,NaN,NaN,NaN,NaN,NaN,NaN,NaN,NaN,NaN,NaN,NaN,65869.00,639991.00,920031.00,853621.00,519648.00,1182570.00,1478724.00,1478416.00,1469214.00,971723.00,538898.00,338865.00,-1116481.00,-89676.00,414396.00,-1383440.00,-327646.00,391639.00,3674564.00,2923321.00,2923321.00,-3661014.00,3815928.00,2461886.00,2144314.00,3924094.00,4413193.00,2762459.00,1898684.00,4082134.00,650215.00,1174361.00,-5282038.00,6696955.00,2858775.00,-2597844
   Net income,NaN,NaN,NaN,NaN,NaN,NaN,NaN,NaN,NaN,NaN,NaN,NaN,1341105.00,2437243.00,2389838.00,2153623.00,2585961.00,2582159.00,2679272.00,3048067.00,3352876.00,2925324.00,3049946.00,2942190.00,2932258.00,4611795.00,5044347.00,4317940.00,5039003.00,6059852.00,7240732.00,6831229.00,6831229.00,8080754.00,10813223.00,8219611.00,7207481.00,7721229.00,8617407.00,7949916.00,NaN,NaN,NaN,NaN,NaN,NaN,NaN,
   Loss,NaN,NaN,NaN,NaN,NaN,NaN,NaN,NaN,NaN,NaN,NaN,NaN,1275235.00,1797252.00,1469807.00,1300003.00,2066313.00,1399589.00,1200549.00,1569651.00,1883662.00,1953601.00,2511048.00,2603325.00,4048739.00,4701471.00,4629951.00,5701380.00,5366649.00,5668213.00,3566168.00,3907908.00,3907908.00,11741769.00,6997295.00,5757726.00,5063167.00,3797135.00,4204214.00,5187457.00,NaN,NaN,NaN,NaN,NaN,NaN,NaN,
Total net income (loss) [1],NaN,NaN,NaN,NaN,NaN,NaN,NaN,NaN,NaN,NaN,NaN,NaN,-5419105.00,14493114.00,14099275.00,16609540.00,21406607.00,42916649.00,66652288.00,82183076.00,106829196.00,145218248.00,168240726.00,186704627.00,228438105.00,268990758.00,276334824.00,270667169.00,301398218.00,384738394.00,546210103.00,666718610.00,666718610.00,458185323.00,409878549.00,593727733.00,580896723.00,777924476.00,768841333.00,837442914.00,780504367.00,791703641.00,810057547.00,884709693.00,760646448.00,760252861.00,1195122426.00,1490028641
   Net income,NaN,NaN,NaN,NaN,NaN,NaN,NaN,NaN,NaN,NaN,NaN,NaN,87654011.00,111384545.00,113885966.00,116317801.00,113408221.00,121834358.00,137440684.00,150927744.00,178650951.00,228157636.00,262373206.00,297875299.00,348467958.00,409972787.00,446069172.00,439761741.00,468552382.00,566231686.00,723605859.00,871055480.00,871055480.00,929264368.00,795938390.00,904393661.00,913019192.00,1068043099.00,1079587830.00,1156121917.00,1137464573.00,1173305066.00,1278155007.00,1381514923.00,1341704437.00,1475744559.00,1895645011.00,2222211568
   Loss,NaN,NaN,NaN,NaN,NaN,NaN,NaN,NaN,NaN,NaN,NaN,NaN,93073116.00,96891431.00,99786691.00,99708261.00,92001615.00,78917710.00,70788396.00,68744668.00,71821755.00,82939388.00,94132480.00,111170672.00,120029853.00,140982029.00,169734347.00,169094572.00,167154164.00,181493292.00,177395756.00,204336870.00,204336870.00,471079045.00,386059841.00,310665929.00,332122470.00,290118622.00,310746498.00,318679004.00,356960206.00,381601426.00,468097460.00,496805230.00,581057989.00,715491698.00,700522585.00,732182927
